0,g,bench_graphs/sparse_20.dot,x,6,0,5
1,e,bench_graphs/sparse_20.dot,x,6,20,5
2,h,bench_graphs/sparse_20.dot,x,6,20,5
3,g,bench_graphs/sparse_40.dot,x,9,0,5
4,e,bench_graphs/sparse_40.dot,x,9,20,5
5,h,bench_graphs/sparse_40.dot,x,9,20,5
6,g,bench_graphs/sparse_60.dot,x,13,0,5
7,e,bench_graphs/sparse_60.dot,x,13,20,5
8,h,bench_graphs/sparse_60.dot,x,13,20,5
9,g,bench_graphs/sparse_80.dot,x,15,0,5
10,e,bench_graphs/sparse_80.dot,x,15,20,5
11,h,bench_graphs/sparse_80.dot,x,15,20,5
12,g,bench_graphs/sparse_100.dot,x,19,0,5
13,e,bench_graphs/sparse_100.dot,x,19,20,5
14,h,bench_graphs/sparse_100.dot,x,19,20,5
15,g,bench_graphs/sparse_120.dot,x,23,0,5
16,e,bench_graphs/sparse_120.dot,x,23,20,5
17,h,bench_graphs/sparse_120.dot,x,23,20,5
18,g,bench_graphs/sparse_140.dot,x,25,0,5
19,e,bench_graphs/sparse_140.dot,x,25,20,5
20,h,bench_graphs/sparse_140.dot,x,25,20,5
21,g,bench_graphs/sparse_160.dot,x,29,0,5
22,e,bench_graphs/sparse_160.dot,x,29,20,5
23,h,bench_graphs/sparse_160.dot,x,29,20,5
24,g,bench_graphs/sparse_180.dot,x,31,0,5
25,e,bench_graphs/sparse_180.dot,x,31,20,5
26,h,bench_graphs/sparse_180.dot,x,31,20,5
27,g,bench_graphs/sparse_200.dot,x,35,0,5
28,e,bench_graphs/sparse_200.dot,x,35,20,5
29,h,bench_graphs/sparse_200.dot,x,35,20,5
30,g,bench_graphs/sparse_220.dot,x,38,0,5
31,e,bench_graphs/sparse_220.dot,x,38,20,5
32,h,bench_graphs/sparse_220.dot,x,38,20,5
33,g,bench_graphs/sparse_240.dot,x,41,0,5
34,e,bench_graphs/sparse_240.dot,x,41,20,5
35,h,bench_graphs/sparse_240.dot,x,41,20,5
36,g,bench_graphs/sparse_260.dot,x,45,0,5
37,e,bench_graphs/sparse_260.dot,x,45,20,5
38,h,bench_graphs/sparse_260.dot,x,45,20,5
39,g,bench_graphs/sparse_280.dot,x,49,0,5
40,e,bench_graphs/sparse_280.dot,x,49,20,5
41,h,bench_graphs/sparse_280.dot,x,49,20,5
42,g,bench_graphs/sparse_300.dot,x,51,0,5
43,e,bench_graphs/sparse_300.dot,x,51,20,5
44,h,bench_graphs/sparse_300.dot,x,51,20,5
45,g,bench_graphs/sparse_320.dot,x,55,0,5
46,e,bench_graphs/sparse_320.dot,x,55,20,5
47,h,bench_graphs/sparse_320.dot,x,55,20,5
48,g,bench_graphs/sparse_340.dot,x,58,0,5
49,e,bench_graphs/sparse_340.dot,x,58,20,5
50,h,bench_graphs/sparse_340.dot,x,58,20,5
51,g,bench_graphs/sparse_360.dot,x,61,0,5
52,e,bench_graphs/sparse_360.dot,x,61,20,5
53,h,bench_graphs/sparse_360.dot,x,61,20,5
54,g,bench_graphs/sparse_380.dot,x,65,0,5
55,e,bench_graphs/sparse_380.dot,x,65,20,5
56,h,bench_graphs/sparse_380.dot,x,65,20,5
57,g,bench_graphs/sparse_400.dot,x,66,0,5
58,e,bench_graphs/sparse_400.dot,x,66,20,5
59,h,bench_graphs/sparse_400.dot,x,66,20,5
60,g,bench_graphs/sparse_420.dot,x,71,0,5
61,e,bench_graphs/sparse_420.dot,x,71,20,5
62,h,bench_graphs/sparse_420.dot,x,71,20,5
63,g,bench_graphs/sparse_440.dot,x,75,0,5
64,e,bench_graphs/sparse_440.dot,x,75,20,5
65,h,bench_graphs/sparse_440.dot,x,75,20,5
66,g,bench_graphs/sparse_460.dot,x,77,0,5
67,e,bench_graphs/sparse_460.dot,x,77,20,5
68,h,bench_graphs/sparse_460.dot,x,77,20,5
69,g,bench_graphs/sparse_480.dot,x,80,0,5
70,e,bench_graphs/sparse_480.dot,x,80,20,5
71,h,bench_graphs/sparse_480.dot,x,80,20,5
72,g,bench_graphs/dense_20.dot,x,18,0,5
73,e,bench_graphs/dense_20.dot,x,18,20,5
74,h,bench_graphs/dense_20.dot,x,18,20,5
75,g,bench_graphs/dense_40.dot,x,34,0,5
76,e,bench_graphs/dense_40.dot,x,34,20,5
77,h,bench_graphs/dense_40.dot,x,34,20,5
78,g,bench_graphs/dense_60.dot,x,52,0,5
79,e,bench_graphs/dense_60.dot,x,52,20,5
80,h,bench_graphs/dense_60.dot,x,52,20,5
81,g,bench_graphs/dense_80.dot,x,66,0,5
82,e,bench_graphs/dense_80.dot,x,66,20,5
83,h,bench_graphs/dense_80.dot,x,66,20,5
84,g,bench_graphs/dense_100.dot,x,84,0,5
85,e,bench_graphs/dense_100.dot,x,84,20,5
86,h,bench_graphs/dense_100.dot,x,84,20,5
87,g,bench_graphs/dense_120.dot,x,99,0,5
88,e,bench_graphs/dense_120.dot,x,99,20,5
89,h,bench_graphs/dense_120.dot,x,99,20,5
90,g,bench_graphs/dense_140.dot,x,112,0,5
91,e,bench_graphs/dense_140.dot,x,112,20,5
92,h,bench_graphs/dense_140.dot,x,112,20,5
93,g,bench_graphs/dense_160.dot,x,131,0,5
94,e,bench_graphs/dense_160.dot,x,131,20,5
95,h,bench_graphs/dense_160.dot,x,131,20,5
96,g,bench_graphs/dense_180.dot,x,145,0,5
97,e,bench_graphs/dense_180.dot,x,145,20,5
98,h,bench_graphs/dense_180.dot,x,145,20,5
99,g,bench_graphs/dense_200.dot,x,163,0,5
100,e,bench_graphs/dense_200.dot,x,163,20,5
101,h,bench_graphs/dense_200.dot,x,163,20,5
102,g,bench_graphs/dense_220.dot,x,178,0,5
103,e,bench_graphs/dense_220.dot,x,178,20,5
104,h,bench_graphs/dense_220.dot,x,178,20,5
105,g,bench_graphs/dense_240.dot,x,192,0,5
106,e,bench_graphs/dense_240.dot,x,192,20,5
107,h,bench_graphs/dense_240.dot,x,192,20,5
108,g,bench_graphs/dense_260.dot,x,208,0,5
109,e,bench_graphs/dense_260.dot,x,208,20,5
110,h,bench_graphs/dense_260.dot,x,208,20,5
111,g,bench_graphs/dense_280.dot,x,226,0,5
112,e,bench_graphs/dense_280.dot,x,226,20,5
113,h,bench_graphs/dense_280.dot,x,226,20,5
114,g,bench_graphs/dense_300.dot,x,247,0,5
115,e,bench_graphs/dense_300.dot,x,247,20,5
116,h,bench_graphs/dense_300.dot,x,247,20,5
117,g,bench_graphs/dense_320.dot,x,258,0,5
118,e,bench_graphs/dense_320.dot,x,258,20,5
119,h,bench_graphs/dense_320.dot,x,258,20,5
120,g,bench_graphs/dense_340.dot,x,274,0,5
121,e,bench_graphs/dense_340.dot,x,274,20,5
122,h,bench_graphs/dense_340.dot,x,274,20,5
123,g,bench_graphs/dense_360.dot,x,289,0,5
124,e,bench_graphs/dense_360.dot,x,289,20,5
125,h,bench_graphs/dense_360.dot,x,289,20,5
126,g,bench_graphs/dense_380.dot,x,301,0,5
127,e,bench_graphs/dense_380.dot,x,301,20,5
128,h,bench_graphs/dense_380.dot,x,301,20,5
129,g,bench_graphs/dense_400.dot,x,324,0,5
130,e,bench_graphs/dense_400.dot,x,324,20,5
131,h,bench_graphs/dense_400.dot,x,324,20,5
132,g,bench_graphs/dense_420.dot,x,338,0,5
133,e,bench_graphs/dense_420.dot,x,338,20,5
134,h,bench_graphs/dense_420.dot,x,338,20,5
135,g,bench_graphs/dense_440.dot,x,348,0,5
136,e,bench_graphs/dense_440.dot,x,348,20,5
137,h,bench_graphs/dense_440.dot,x,348,20,5
138,g,bench_graphs/dense_460.dot,x,364,0,5
139,e,bench_graphs/dense_460.dot,x,364,20,5
140,h,bench_graphs/dense_460.dot,x,364,20,5
141,g,bench_graphs/dense_480.dot,x,381,0,5
142,e,bench_graphs/dense_480.dot,x,381,20,5
143,h,bench_graphs/dense_480.dot,x,381,20,5
144,g,bench_graphs/graph_with_constraints_20.dot,bench_graphs/constraints_20.dot,6,0,5
145,e,bench_graphs/graph_with_constraints_20.dot,bench_graphs/constraints_20.dot,6,20,5
146,h,bench_graphs/graph_with_constraints_20.dot,bench_graphs/constraints_20.dot,6,20,5
147,g,bench_graphs/graph_with_constraints_40.dot,bench_graphs/constraints_40.dot,9,0,5
148,e,bench_graphs/graph_with_constraints_40.dot,bench_graphs/constraints_40.dot,9,20,5
149,h,bench_graphs/graph_with_constraints_40.dot,bench_graphs/constraints_40.dot,9,20,5
150,g,bench_graphs/graph_with_constraints_60.dot,bench_graphs/constraints_60.dot,13,0,5
151,e,bench_graphs/graph_with_constraints_60.dot,bench_graphs/constraints_60.dot,13,20,5
152,h,bench_graphs/graph_with_constraints_60.dot,bench_graphs/constraints_60.dot,13,20,5
153,g,bench_graphs/graph_with_constraints_80.dot,bench_graphs/constraints_80.dot,15,0,5
154,e,bench_graphs/graph_with_constraints_80.dot,bench_graphs/constraints_80.dot,15,20,5
155,h,bench_graphs/graph_with_constraints_80.dot,bench_graphs/constraints_80.dot,15,20,5
156,g,bench_graphs/graph_with_constraints_100.dot,bench_graphs/constraints_100.dot,19,0,5
157,e,bench_graphs/graph_with_constraints_100.dot,bench_graphs/constraints_100.dot,19,20,5
158,h,bench_graphs/graph_with_constraints_100.dot,bench_graphs/constraints_100.dot,19,20,5
159,g,bench_graphs/graph_with_constraints_120.dot,bench_graphs/constraints_120.dot,23,0,5
160,e,bench_graphs/graph_with_constraints_120.dot,bench_graphs/constraints_120.dot,23,20,5
161,h,bench_graphs/graph_with_constraints_120.dot,bench_graphs/constraints_120.dot,23,20,5
162,g,bench_graphs/graph_with_constraints_140.dot,bench_graphs/constraints_140.dot,25,0,5
163,e,bench_graphs/graph_with_constraints_140.dot,bench_graphs/constraints_140.dot,25,20,5
164,h,bench_graphs/graph_with_constraints_140.dot,bench_graphs/constraints_140.dot,25,20,5
165,g,bench_graphs/graph_with_constraints_160.dot,bench_graphs/constraints_160.dot,29,0,5
166,e,bench_graphs/graph_with_constraints_160.dot,bench_graphs/constraints_160.dot,29,20,5
167,h,bench_graphs/graph_with_constraints_160.dot,bench_graphs/constraints_160.dot,29,20,5
168,g,bench_graphs/graph_with_constraints_180.dot,bench_graphs/constraints_180.dot,33,0,5
169,e,bench_graphs/graph_with_constraints_180.dot,bench_graphs/constraints_180.dot,33,20,5
170,h,bench_graphs/graph_with_constraints_180.dot,bench_graphs/constraints_180.dot,33,20,5
171,g,bench_graphs/graph_with_constraints_200.dot,bench_graphs/constraints_200.dot,35,0,5
172,e,bench_graphs/graph_with_constraints_200.dot,bench_graphs/constraints_200.dot,35,20,5
173,h,bench_graphs/graph_with_constraints_200.dot,bench_graphs/constraints_200.dot,35,20,5
174,g,bench_graphs/graph_with_constraints_220.dot,bench_graphs/constraints_220.dot,39,0,5
175,e,bench_graphs/graph_with_constraints_220.dot,bench_graphs/constraints_220.dot,39,20,5
176,h,bench_graphs/graph_with_constraints_220.dot,bench_graphs/constraints_220.dot,39,20,5
177,g,bench_graphs/graph_with_constraints_240.dot,bench_graphs/constraints_240.dot,42,0,5
178,e,bench_graphs/graph_with_constraints_240.dot,bench_graphs/constraints_240.dot,42,20,5
179,h,bench_graphs/graph_with_constraints_240.dot,bench_graphs/constraints_240.dot,42,20,5
180,g,bench_graphs/graph_with_constraints_260.dot,bench_graphs/constraints_260.dot,45,0,5
181,e,bench_graphs/graph_with_constraints_260.dot,bench_graphs/constraints_260.dot,45,20,5
182,h,bench_graphs/graph_with_constraints_260.dot,bench_graphs/constraints_260.dot,45,20,5
183,g,bench_graphs/graph_with_constraints_280.dot,bench_graphs/constraints_280.dot,48,0,5
184,e,bench_graphs/graph_with_constraints_280.dot,bench_graphs/constraints_280.dot,48,20,5
185,h,bench_graphs/graph_with_constraints_280.dot,bench_graphs/constraints_280.dot,48,20,5
186,g,bench_graphs/graph_with_constraints_300.dot,bench_graphs/constraints_300.dot,51,0,5
187,e,bench_graphs/graph_with_constraints_300.dot,bench_graphs/constraints_300.dot,51,20,5
188,h,bench_graphs/graph_with_constraints_300.dot,bench_graphs/constraints_300.dot,51,20,5
189,g,bench_graphs/graph_with_constraints_320.dot,bench_graphs/constraints_320.dot,55,0,5
190,e,bench_graphs/graph_with_constraints_320.dot,bench_graphs/constraints_320.dot,55,20,5
191,h,bench_graphs/graph_with_constraints_320.dot,bench_graphs/constraints_320.dot,55,20,5
192,g,bench_graphs/graph_with_constraints_340.dot,bench_graphs/constraints_340.dot,57,0,5
193,e,bench_graphs/graph_with_constraints_340.dot,bench_graphs/constraints_340.dot,57,20,5
194,h,bench_graphs/graph_with_constraints_340.dot,bench_graphs/constraints_340.dot,57,20,5
195,g,bench_graphs/graph_edges_99.dot,x,3,0,5
196,e,bench_graphs/graph_edges_99.dot,x,3,20,5
197,h,bench_graphs/graph_edges_99.dot,x,3,20,5
198,g,bench_graphs/graph_edges_149.dot,x,5,0,5
199,e,bench_graphs/graph_edges_149.dot,x,5,20,5
200,h,bench_graphs/graph_edges_149.dot,x,5,20,5
201,g,bench_graphs/graph_edges_199.dot,x,7,0,5
202,e,bench_graphs/graph_edges_199.dot,x,7,20,5
203,h,bench_graphs/graph_edges_199.dot,x,7,20,5
204,g,bench_graphs/graph_edges_249.dot,x,7,0,5
205,e,bench_graphs/graph_edges_249.dot,x,7,20,5
206,h,bench_graphs/graph_edges_249.dot,x,7,20,5
207,g,bench_graphs/graph_edges_299.dot,x,9,0,5
208,e,bench_graphs/graph_edges_299.dot,x,9,20,5
209,h,bench_graphs/graph_edges_299.dot,x,9,20,5
210,g,bench_graphs/graph_edges_349.dot,x,9,0,5
211,e,bench_graphs/graph_edges_349.dot,x,9,20,5
212,h,bench_graphs/graph_edges_349.dot,x,9,20,5
213,g,bench_graphs/graph_edges_399.dot,x,11,0,5
214,e,bench_graphs/graph_edges_399.dot,x,11,20,5
215,h,bench_graphs/graph_edges_399.dot,x,11,20,5
216,g,bench_graphs/graph_edges_449.dot,x,11,0,5
217,e,bench_graphs/graph_edges_449.dot,x,11,20,5
218,h,bench_graphs/graph_edges_449.dot,x,11,20,5
219,g,bench_graphs/graph_edges_499.dot,x,13,0,5
220,e,bench_graphs/graph_edges_499.dot,x,13,20,5
221,h,bench_graphs/graph_edges_499.dot,x,13,20,5
222,g,bench_graphs/graph_edges_549.dot,x,13,0,5
223,e,bench_graphs/graph_edges_549.dot,x,13,20,5
224,h,bench_graphs/graph_edges_549.dot,x,13,20,5
225,g,bench_graphs/graph_edges_599.dot,x,15,0,5
226,e,bench_graphs/graph_edges_599.dot,x,15,20,5
227,h,bench_graphs/graph_edges_599.dot,x,15,20,5
228,g,bench_graphs/graph_edges_649.dot,x,15,0,5
229,e,bench_graphs/graph_edges_649.dot,x,15,20,5
230,h,bench_graphs/graph_edges_649.dot,x,15,20,5
231,g,bench_graphs/graph_edges_699.dot,x,17,0,5
232,e,bench_graphs/graph_edges_699.dot,x,17,20,5
233,h,bench_graphs/graph_edges_699.dot,x,17,20,5
234,g,bench_graphs/graph_edges_749.dot,x,19,0,5
235,e,bench_graphs/graph_edges_749.dot,x,19,20,5
236,h,bench_graphs/graph_edges_749.dot,x,19,20,5
237,g,bench_graphs/graph_edges_799.dot,x,19,0,5
238,e,bench_graphs/graph_edges_799.dot,x,19,20,5
239,h,bench_graphs/graph_edges_799.dot,x,19,20,5
240,g,bench_graphs/graph_edges_849.dot,x,21,0,5
241,e,bench_graphs/graph_edges_849.dot,x,21,20,5
242,h,bench_graphs/graph_edges_849.dot,x,21,20,5
243,g,bench_graphs/graph_edges_899.dot,x,21,0,5
244,e,bench_graphs/graph_edges_899.dot,x,21,20,5
245,h,bench_graphs/graph_edges_899.dot,x,21,20,5
246,g,bench_graphs/graph_edges_949.dot,x,23,0,5
247,e,bench_graphs/graph_edges_949.dot,x,23,20,5
248,h,bench_graphs/graph_edges_949.dot,x,23,20,5
249,g,bench_graphs/graph_edges_999.dot,x,25,0,5
250,e,bench_graphs/graph_edges_999.dot,x,25,20,5
251,h,bench_graphs/graph_edges_999.dot,x,25,20,5
252,g,bench_graphs/graph_edges_1049.dot,x,25,0,5
253,e,bench_graphs/graph_edges_1049.dot,x,25,20,5
254,h,bench_graphs/graph_edges_1049.dot,x,25,20,5
255,g,bench_graphs/graph_edges_1099.dot,x,27,0,5
256,e,bench_graphs/graph_edges_1099.dot,x,27,20,5
257,h,bench_graphs/graph_edges_1099.dot,x,27,20,5
258,g,bench_graphs/graph_edges_1149.dot,x,28,0,5
259,e,bench_graphs/graph_edges_1149.dot,x,28,20,5
260,h,bench_graphs/graph_edges_1149.dot,x,28,20,5
261,g,bench_graphs/graph_edges_1199.dot,x,29,0,5
262,e,bench_graphs/graph_edges_1199.dot,x,29,20,5
263,h,bench_graphs/graph_edges_1199.dot,x,29,20,5
264,g,bench_graphs/graph_edges_1249.dot,x,30,0,5
265,e,bench_graphs/graph_edges_1249.dot,x,30,20,5
266,h,bench_graphs/graph_edges_1249.dot,x,30,20,5
267,g,bench_graphs/graph_edges_1299.dot,x,31,0,5
268,e,bench_graphs/graph_edges_1299.dot,x,31,20,5
269,h,bench_graphs/graph_edges_1299.dot,x,31,20,5
270,g,bench_graphs/graph_edges_1349.dot,x,33,0,5
271,e,bench_graphs/graph_edges_1349.dot,x,33,20,5
272,h,bench_graphs/graph_edges_1349.dot,x,33,20,5
273,g,bench_graphs/graph_edges_1399.dot,x,32,0,5
274,e,bench_graphs/graph_edges_1399.dot,x,32,20,5
275,h,bench_graphs/graph_edges_1399.dot,x,32,20,5
276,g,bench_graphs/graph_edges_1449.dot,x,35,0,5
277,e,bench_graphs/graph_edges_1449.dot,x,35,20,5
278,h,bench_graphs/graph_edges_1449.dot,x,35,20,5
279,g,bench_graphs/graph_edges_1499.dot,x,36,0,5
280,e,bench_graphs/graph_edges_1499.dot,x,36,20,5
281,h,bench_graphs/graph_edges_1499.dot,x,36,20,5
282,g,bench_graphs/graph_edges_1549.dot,x,36,0,5
283,e,bench_graphs/graph_edges_1549.dot,x,36,20,5
284,h,bench_graphs/graph_edges_1549.dot,x,36,20,5
285,g,bench_graphs/graph_edges_1599.dot,x,38,0,5
286,e,bench_graphs/graph_edges_1599.dot,x,38,20,5
287,h,bench_graphs/graph_edges_1599.dot,x,38,20,5
288,g,bench_graphs/graph_edges_1649.dot,x,39,0,5
289,e,bench_graphs/graph_edges_1649.dot,x,39,20,5
290,h,bench_graphs/graph_edges_1649.dot,x,39,20,5
291,g,bench_graphs/graph_edges_1699.dot,x,40,0,5
292,e,bench_graphs/graph_edges_1699.dot,x,40,20,5
293,h,bench_graphs/graph_edges_1699.dot,x,40,20,5
294,g,bench_graphs/graph_edges_1749.dot,x,44,0,5
295,e,bench_graphs/graph_edges_1749.dot,x,44,20,5
296,h,bench_graphs/graph_edges_1749.dot,x,44,20,5
297,g,bench_graphs/graph_edges_1799.dot,x,42,0,5
298,e,bench_graphs/graph_edges_1799.dot,x,42,20,5
299,h,bench_graphs/graph_edges_1799.dot,x,42,20,5
300,g,bench_graphs/graph_edges_1849.dot,x,43,0,5
301,e,bench_graphs/graph_edges_1849.dot,x,43,20,5
302,h,bench_graphs/graph_edges_1849.dot,x,43,20,5
303,g,bench_graphs/graph_edges_1899.dot,x,44,0,5
304,e,bench_graphs/graph_edges_1899.dot,x,44,20,5
305,h,bench_graphs/graph_edges_1899.dot,x,44,20,5
306,g,bench_graphs/graph_edges_1949.dot,x,46,0,5
307,e,bench_graphs/graph_edges_1949.dot,x,46,20,5
308,h,bench_graphs/graph_edges_1949.dot,x,46,20,5
309,g,bench_graphs/graph_edges_1999.dot,x,45,0,5
310,e,bench_graphs/graph_edges_1999.dot,x,45,20,5
311,h,bench_graphs/graph_edges_1999.dot,x,45,20,5
312,g,bench_graphs/graph_edges_2049.dot,x,48,0,5
313,e,bench_graphs/graph_edges_2049.dot,x,48,20,5
314,h,bench_graphs/graph_edges_2049.dot,x,48,20,5
315,g,bench_graphs/graph_edges_2099.dot,x,48,0,5
316,e,bench_graphs/graph_edges_2099.dot,x,48,20,5
317,h,bench_graphs/graph_edges_2099.dot,x,48,20,5
318,g,bench_graphs/graph_edges_2149.dot,x,50,0,5
319,e,bench_graphs/graph_edges_2149.dot,x,50,20,5
320,h,bench_graphs/graph_edges_2149.dot,x,50,20,5
321,g,bench_graphs/graph_edges_2199.dot,x,52,0,5
322,e,bench_graphs/graph_edges_2199.dot,x,52,20,5
323,h,bench_graphs/graph_edges_2199.dot,x,52,20,5
324,g,bench_graphs/graph_edges_2249.dot,x,53,0,5
325,e,bench_graphs/graph_edges_2249.dot,x,53,20,5
326,h,bench_graphs/graph_edges_2249.dot,x,53,20,5
327,g,bench_graphs/graph_edges_2299.dot,x,52,0,5
328,e,bench_graphs/graph_edges_2299.dot,x,52,20,5
329,h,bench_graphs/graph_edges_2299.dot,x,52,20,5
330,g,bench_graphs/graph_edges_2349.dot,x,57,0,5
331,e,bench_graphs/graph_edges_2349.dot,x,57,20,5
332,h,bench_graphs/graph_edges_2349.dot,x,57,20,5
333,g,bench_graphs/graph_edges_2399.dot,x,55,0,5
334,e,bench_graphs/graph_edges_2399.dot,x,55,20,5
335,h,bench_graphs/graph_edges_2399.dot,x,55,20,5
336,g,bench_graphs/graph_edges_2449.dot,x,56,0,5
337,e,bench_graphs/graph_edges_2449.dot,x,56,20,5
338,h,bench_graphs/graph_edges_2449.dot,x,56,20,5
339,g,bench_graphs/graph_edges_2499.dot,x,58,0,5
340,e,bench_graphs/graph_edges_2499.dot,x,58,20,5
341,h,bench_graphs/graph_edges_2499.dot,x,58,20,5
342,g,bench_graphs/graph_edges_2549.dot,x,58,0,5
343,e,bench_graphs/graph_edges_2549.dot,x,58,20,5
344,h,bench_graphs/graph_edges_2549.dot,x,58,20,5
345,g,bench_graphs/graph_edges_2599.dot,x,61,0,5
346,e,bench_graphs/graph_edges_2599.dot,x,61,20,5
347,h,bench_graphs/graph_edges_2599.dot,x,61,20,5
348,g,bench_graphs/graph_edges_2649.dot,x,64,0,5
349,e,bench_graphs/graph_edges_2649.dot,x,64,20,5
350,h,bench_graphs/graph_edges_2649.dot,x,64,20,5
351,g,bench_graphs/graph_edges_2699.dot,x,62,0,5
352,e,bench_graphs/graph_edges_2699.dot,x,62,20,5
353,h,bench_graphs/graph_edges_2699.dot,x,62,20,5
354,g,bench_graphs/graph_edges_2749.dot,x,62,0,5
355,e,bench_graphs/graph_edges_2749.dot,x,62,20,5
356,h,bench_graphs/graph_edges_2749.dot,x,62,20,5
357,g,bench_graphs/graph_edges_2799.dot,x,66,0,5
358,e,bench_graphs/graph_edges_2799.dot,x,66,20,5
359,h,bench_graphs/graph_edges_2799.dot,x,66,20,5
360,g,bench_graphs/graph_edges_2849.dot,x,64,0,5
361,e,bench_graphs/graph_edges_2849.dot,x,64,20,5
362,h,bench_graphs/graph_edges_2849.dot,x,64,20,5
363,g,bench_graphs/graph_edges_2899.dot,x,67,0,5
364,e,bench_graphs/graph_edges_2899.dot,x,67,20,5
365,h,bench_graphs/graph_edges_2899.dot,x,67,20,5
366,g,bench_graphs/graph_edges_2949.dot,x,71,0,5
367,e,bench_graphs/graph_edges_2949.dot,x,71,20,5
368,h,bench_graphs/graph_edges_2949.dot,x,71,20,5
369,g,bench_graphs/graph_edges_2999.dot,x,69,0,5
370,e,bench_graphs/graph_edges_2999.dot,x,69,20,5
371,h,bench_graphs/graph_edges_2999.dot,x,69,20,5
372,g,bench_graphs/graph_edges_3049.dot,x,69,0,5
373,e,bench_graphs/graph_edges_3049.dot,x,69,20,5
374,h,bench_graphs/graph_edges_3049.dot,x,69,20,5
375,g,bench_graphs/graph_edges_3099.dot,x,71,0,5
376,e,bench_graphs/graph_edges_3099.dot,x,71,20,5
377,h,bench_graphs/graph_edges_3099.dot,x,71,20,5
378,g,bench_graphs/graph_edges_3149.dot,x,74,0,5
379,e,bench_graphs/graph_edges_3149.dot,x,74,20,5
380,h,bench_graphs/graph_edges_3149.dot,x,74,20,5
381,g,bench_graphs/graph_edges_3199.dot,x,71,0,5
382,e,bench_graphs/graph_edges_3199.dot,x,71,20,5
383,h,bench_graphs/graph_edges_3199.dot,x,71,20,5
384,g,bench_graphs/graph_edges_3249.dot,x,73,0,5
385,e,bench_graphs/graph_edges_3249.dot,x,73,20,5
386,h,bench_graphs/graph_edges_3249.dot,x,73,20,5
387,g,bench_graphs/graph_edges_3299.dot,x,74,0,5
388,e,bench_graphs/graph_edges_3299.dot,x,74,20,5
389,h,bench_graphs/graph_edges_3299.dot,x,74,20,5
390,g,bench_graphs/graph_edges_3349.dot,x,74,0,5
391,e,bench_graphs/graph_edges_3349.dot,x,74,20,5
392,h,bench_graphs/graph_edges_3349.dot,x,74,20,5
393,g,bench_graphs/graph_edges_3399.dot,x,79,0,5
394,e,bench_graphs/graph_edges_3399.dot,x,79,20,5
395,h,bench_graphs/graph_edges_3399.dot,x,79,20,5
396,g,bench_graphs/graph_edges_3449.dot,x,77,0,5
397,e,bench_graphs/graph_edges_3449.dot,x,77,20,5
398,h,bench_graphs/graph_edges_3449.dot,x,77,20,5
399,g,bench_graphs/graph_edges_3499.dot,x,78,0,5
400,e,bench_graphs/graph_edges_3499.dot,x,78,20,5
401,h,bench_graphs/graph_edges_3499.dot,x,78,20,5
402,g,bench_graphs/graph_edges_3549.dot,x,81,0,5
403,e,bench_graphs/graph_edges_3549.dot,x,81,20,5
404,h,bench_graphs/graph_edges_3549.dot,x,81,20,5
405,g,bench_graphs/graph_edges_3599.dot,x,82,0,5
406,e,bench_graphs/graph_edges_3599.dot,x,82,20,5
407,h,bench_graphs/graph_edges_3599.dot,x,82,20,5
408,g,bench_graphs/graph_edges_3649.dot,x,81,0,5
409,e,bench_graphs/graph_edges_3649.dot,x,81,20,5
410,h,bench_graphs/graph_edges_3649.dot,x,81,20,5
411,g,bench_graphs/graph_edges_3699.dot,x,80,0,5
412,e,bench_graphs/graph_edges_3699.dot,x,80,20,5
413,h,bench_graphs/graph_edges_3699.dot,x,80,20,5
414,g,bench_graphs/graph_edges_3749.dot,x,84,0,5
415,e,bench_graphs/graph_edges_3749.dot,x,84,20,5
416,h,bench_graphs/graph_edges_3749.dot,x,84,20,5
417,g,bench_graphs/graph_edges_3799.dot,x,82,0,5
418,e,bench_graphs/graph_edges_3799.dot,x,82,20,5
419,h,bench_graphs/graph_edges_3799.dot,x,82,20,5
420,g,bench_graphs/graph_edges_3849.dot,x,88,0,5
421,e,bench_graphs/graph_edges_3849.dot,x,88,20,5
422,h,bench_graphs/graph_edges_3849.dot,x,88,20,5
423,g,bench_graphs/graph_edges_3899.dot,x,87,0,5
424,e,bench_graphs/graph_edges_3899.dot,x,87,20,5
425,h,bench_graphs/graph_edges_3899.dot,x,87,20,5
426,g,bench_graphs/graph_edges_3949.dot,x,88,0,5
427,e,bench_graphs/graph_edges_3949.dot,x,88,20,5
428,h,bench_graphs/graph_edges_3949.dot,x,88,20,5
429,g,bench_graphs/graph_edges_3999.dot,x,89,0,5
430,e,bench_graphs/graph_edges_3999.dot,x,89,20,5
431,h,bench_graphs/graph_edges_3999.dot,x,89,20,5
432,g,bench_graphs/graph_edges_4049.dot,x,91,0,5
433,e,bench_graphs/graph_edges_4049.dot,x,91,20,5
434,h,bench_graphs/graph_edges_4049.dot,x,91,20,5
435,g,bench_graphs/graph_edges_4099.dot,x,89,0,5
436,e,bench_graphs/graph_edges_4099.dot,x,89,20,5
437,h,bench_graphs/graph_edges_4099.dot,x,89,20,5
438,g,bench_graphs/graph_edges_4149.dot,x,91,0,5
439,e,bench_graphs/graph_edges_4149.dot,x,91,20,5
440,h,bench_graphs/graph_edges_4149.dot,x,91,20,5
441,g,bench_graphs/graph_edges_4199.dot,x,91,0,5
442,e,bench_graphs/graph_edges_4199.dot,x,91,20,5
443,h,bench_graphs/graph_edges_4199.dot,x,91,20,5
444,g,bench_graphs/graph_edges_4249.dot,x,93,0,5
445,e,bench_graphs/graph_edges_4249.dot,x,93,20,5
446,h,bench_graphs/graph_edges_4249.dot,x,93,20,5
447,g,bench_graphs/graph_edges_4299.dot,x,92,0,5
448,e,bench_graphs/graph_edges_4299.dot,x,92,20,5
449,h,bench_graphs/graph_edges_4299.dot,x,92,20,5
450,g,bench_graphs/graph_edges_4349.dot,x,94,0,5
451,e,bench_graphs/graph_edges_4349.dot,x,94,20,5
452,h,bench_graphs/graph_edges_4349.dot,x,94,20,5
453,g,bench_graphs/graph_edges_4399.dot,x,96,0,5
454,e,bench_graphs/graph_edges_4399.dot,x,96,20,5
455,h,bench_graphs/graph_edges_4399.dot,x,96,20,5
456,g,bench_graphs/graph_edges_4449.dot,x,96,0,5
457,e,bench_graphs/graph_edges_4449.dot,x,96,20,5
458,h,bench_graphs/graph_edges_4449.dot,x,96,20,5
459,g,bench_graphs/graph_edges_4499.dot,x,98,0,5
460,e,bench_graphs/graph_edges_4499.dot,x,98,20,5
461,h,bench_graphs/graph_edges_4499.dot,x,98,20,5
462,g,bench_graphs/graph_edges_4549.dot,x,98,0,5
463,e,bench_graphs/graph_edges_4549.dot,x,98,20,5
464,h,bench_graphs/graph_edges_4549.dot,x,98,20,5
465,g,bench_graphs/graph_edges_4599.dot,x,97,0,5
466,e,bench_graphs/graph_edges_4599.dot,x,97,20,5
467,h,bench_graphs/graph_edges_4599.dot,x,97,20,5
468,g,bench_graphs/graph_edges_4649.dot,x,99,0,5
469,e,bench_graphs/graph_edges_4649.dot,x,99,20,5
470,h,bench_graphs/graph_edges_4649.dot,x,99,20,5
471,g,bench_graphs/graph_edges_4699.dot,x,99,0,5
472,e,bench_graphs/graph_edges_4699.dot,x,99,20,5
473,h,bench_graphs/graph_edges_4699.dot,x,99,20,5
474,g,bench_graphs/graph_edges_4749.dot,x,99,0,5
475,e,bench_graphs/graph_edges_4749.dot,x,99,20,5
476,h,bench_graphs/graph_edges_4749.dot,x,99,20,5
477,g,bench_graphs/graph_edges_4799.dot,x,100,0,5
478,e,bench_graphs/graph_edges_4799.dot,x,100,20,5
479,h,bench_graphs/graph_edges_4799.dot,x,100,20,5
480,g,bench_graphs/graph_edges_4849.dot,x,100,0,5
481,e,bench_graphs/graph_edges_4849.dot,x,100,20,5
482,h,bench_graphs/graph_edges_4849.dot,x,100,20,5
483,g,bench_graphs/graph_edges_4899.dot,x,100,0,5
484,e,bench_graphs/graph_edges_4899.dot,x,100,20,5
485,h,bench_graphs/graph_edges_4899.dot,x,100,20,5
486,g,bench_graphs/graph_edges_4949.dot,x,100,0,5
487,e,bench_graphs/graph_edges_4949.dot,x,100,20,5
488,h,bench_graphs/graph_edges_4949.dot,x,100,20,5
489,g,bench_graphs/sparse_color.dot,x,82,0,5
490,e,bench_graphs/sparse_color.dot,x,82,20,5
491,h,bench_graphs/sparse_color.dot,x,82,20,5
492,g,bench_graphs/sparse_color.dot,x,102,0,5
493,e,bench_graphs/sparse_color.dot,x,102,20,5
494,h,bench_graphs/sparse_color.dot,x,102,20,5
495,g,bench_graphs/sparse_color.dot,x,122,0,5
496,e,bench_graphs/sparse_color.dot,x,122,20,5
497,h,bench_graphs/sparse_color.dot,x,122,20,5
498,g,bench_graphs/sparse_color.dot,x,142,0,5
499,e,bench_graphs/sparse_color.dot,x,142,20,5
500,h,bench_graphs/sparse_color.dot,x,142,20,5
501,g,bench_graphs/sparse_color.dot,x,162,0,5
502,e,bench_graphs/sparse_color.dot,x,162,20,5
503,h,bench_graphs/sparse_color.dot,x,162,20,5
504,g,bench_graphs/sparse_color.dot,x,182,0,5
505,e,bench_graphs/sparse_color.dot,x,182,20,5
506,h,bench_graphs/sparse_color.dot,x,182,20,5
507,g,bench_graphs/sparse_color.dot,x,202,0,5
508,e,bench_graphs/sparse_color.dot,x,202,20,5
509,h,bench_graphs/sparse_color.dot,x,202,20,5
510,g,bench_graphs/sparse_color.dot,x,222,0,5
511,e,bench_graphs/sparse_color.dot,x,222,20,5
512,h,bench_graphs/sparse_color.dot,x,222,20,5
513,g,bench_graphs/sparse_color.dot,x,242,0,5
514,e,bench_graphs/sparse_color.dot,x,242,20,5
515,h,bench_graphs/sparse_color.dot,x,242,20,5
516,g,bench_graphs/sparse_color.dot,x,262,0,5
517,e,bench_graphs/sparse_color.dot,x,262,20,5
518,h,bench_graphs/sparse_color.dot,x,262,20,5
519,g,bench_graphs/sparse_color.dot,x,282,0,5
520,e,bench_graphs/sparse_color.dot,x,282,20,5
521,h,bench_graphs/sparse_color.dot,x,282,20,5
522,g,bench_graphs/sparse_color.dot,x,302,0,5
523,e,bench_graphs/sparse_color.dot,x,302,20,5
524,h,bench_graphs/sparse_color.dot,x,302,20,5
525,g,bench_graphs/sparse_color.dot,x,322,0,5
526,e,bench_graphs/sparse_color.dot,x,322,20,5
527,h,bench_graphs/sparse_color.dot,x,322,20,5
528,g,bench_graphs/sparse_color.dot,x,342,0,5
529,e,bench_graphs/sparse_color.dot,x,342,20,5
530,h,bench_graphs/sparse_color.dot,x,342,20,5
531,g,bench_graphs/sparse_color.dot,x,362,0,5
532,e,bench_graphs/sparse_color.dot,x,362,20,5
533,h,bench_graphs/sparse_color.dot,x,362,20,5
534,g,bench_graphs/sparse_color.dot,x,382,0,5
535,e,bench_graphs/sparse_color.dot,x,382,20,5
536,h,bench_graphs/sparse_color.dot,x,382,20,5
537,g,bench_graphs/sparse_color.dot,x,402,0,5
538,e,bench_graphs/sparse_color.dot,x,402,20,5
539,h,bench_graphs/sparse_color.dot,x,402,20,5
540,g,bench_graphs/sparse_color.dot,x,422,0,5
541,e,bench_graphs/sparse_color.dot,x,422,20,5
542,h,bench_graphs/sparse_color.dot,x,422,20,5
543,g,bench_graphs/sparse_color.dot,x,442,0,5
544,e,bench_graphs/sparse_color.dot,x,442,20,5
545,h,bench_graphs/sparse_color.dot,x,442,20,5
546,g,bench_graphs/sparse_color.dot,x,462,0,5
547,e,bench_graphs/sparse_color.dot,x,462,20,5
548,h,bench_graphs/sparse_color.dot,x,462,20,5
549,g,bench_graphs/sparse_color.dot,x,482,0,5
550,e,bench_graphs/sparse_color.dot,x,482,20,5
551,h,bench_graphs/sparse_color.dot,x,482,20,5
552,g,bench_graphs/dense_color.dot,x,382,0,5
553,e,bench_graphs/dense_color.dot,x,382,20,5
554,h,bench_graphs/dense_color.dot,x,382,20,5
555,g,bench_graphs/dense_color.dot,x,402,0,5
556,e,bench_graphs/dense_color.dot,x,402,20,5
557,h,bench_graphs/dense_color.dot,x,402,20,5
558,g,bench_graphs/dense_color.dot,x,422,0,5
559,e,bench_graphs/dense_color.dot,x,422,20,5
560,h,bench_graphs/dense_color.dot,x,422,20,5
561,g,bench_graphs/dense_color.dot,x,442,0,5
562,e,bench_graphs/dense_color.dot,x,442,20,5
563,h,bench_graphs/dense_color.dot,x,442,20,5
564,g,bench_graphs/dense_color.dot,x,462,0,5
565,e,bench_graphs/dense_color.dot,x,462,20,5
566,h,bench_graphs/dense_color.dot,x,462,20,5
567,g,bench_graphs/dense_color.dot,x,482,0,5
568,e,bench_graphs/dense_color.dot,x,482,20,5
569,h,bench_graphs/dense_color.dot,x,482,20,5
0,g,bench_graphs/graph_with_forced_collisions_20.dot,bench_graphs/constraints_collisions_20.dot,6,0,5
1,e,bench_graphs/graph_with_forced_collisions_20.dot,bench_graphs/constraints_collisions_20.dot,6,20,5
2,h,bench_graphs/graph_with_forced_collisions_20.dot,bench_graphs/constraints_collisions_20.dot,6,20,5
3,g,bench_graphs/graph_with_forced_collisions_40.dot,bench_graphs/constraints_collisions_40.dot,9,0,5
4,e,bench_graphs/graph_with_forced_collisions_40.dot,bench_graphs/constraints_collisions_40.dot,9,20,5
5,h,bench_graphs/graph_with_forced_collisions_40.dot,bench_graphs/constraints_collisions_40.dot,9,20,5
6,g,bench_graphs/graph_with_forced_collisions_60.dot,bench_graphs/constraints_collisions_60.dot,13,0,5
7,e,bench_graphs/graph_with_forced_collisions_60.dot,bench_graphs/constraints_collisions_60.dot,13,20,5
8,h,bench_graphs/graph_with_forced_collisions_60.dot,bench_graphs/constraints_collisions_60.dot,13,20,5
9,g,bench_graphs/graph_with_forced_collisions_80.dot,bench_graphs/constraints_collisions_80.dot,15,0,5
10,e,bench_graphs/graph_with_forced_collisions_80.dot,bench_graphs/constraints_collisions_80.dot,15,20,5
11,h,bench_graphs/graph_with_forced_collisions_80.dot,bench_graphs/constraints_collisions_80.dot,15,20,5
12,g,bench_graphs/graph_with_forced_collisions_100.dot,bench_graphs/constraints_collisions_100.dot,19,0,5
13,e,bench_graphs/graph_with_forced_collisions_100.dot,bench_graphs/constraints_collisions_100.dot,19,20,5
14,h,bench_graphs/graph_with_forced_collisions_100.dot,bench_graphs/constraints_collisions_100.dot,19,20,5
15,g,bench_graphs/graph_with_forced_collisions_120.dot,bench_graphs/constraints_collisions_120.dot,23,0,5
16,e,bench_graphs/graph_with_forced_collisions_120.dot,bench_graphs/constraints_collisions_120.dot,23,20,5
17,h,bench_graphs/graph_with_forced_collisions_120.dot,bench_graphs/constraints_collisions_120.dot,23,20,5
18,g,bench_graphs/graph_with_forced_collisions_140.dot,bench_graphs/constraints_collisions_140.dot,25,0,5
19,e,bench_graphs/graph_with_forced_collisions_140.dot,bench_graphs/constraints_collisions_140.dot,25,20,5
20,h,bench_graphs/graph_with_forced_collisions_140.dot,bench_graphs/constraints_collisions_140.dot,25,20,5
21,g,bench_graphs/graph_with_forced_collisions_160.dot,bench_graphs/constraints_collisions_160.dot,29,0,5
22,e,bench_graphs/graph_with_forced_collisions_160.dot,bench_graphs/constraints_collisions_160.dot,29,20,5
23,h,bench_graphs/graph_with_forced_collisions_160.dot,bench_graphs/constraints_collisions_160.dot,29,20,5
24,g,bench_graphs/graph_with_forced_collisions_180.dot,bench_graphs/constraints_collisions_180.dot,33,0,5
25,e,bench_graphs/graph_with_forced_collisions_180.dot,bench_graphs/constraints_collisions_180.dot,33,20,5
26,h,bench_graphs/graph_with_forced_collisions_180.dot,bench_graphs/constraints_collisions_180.dot,33,20,5
0,g,bench_graphs/graph_with_forced_collisions_20.dot,bench_graphs/constraints_collisions_20.dot,6,0,5
1,e,bench_graphs/graph_with_forced_collisions_20.dot,bench_graphs/constraints_collisions_20.dot,6,20,5
2,h,bench_graphs/graph_with_forced_collisions_20.dot,bench_graphs/constraints_collisions_20.dot,6,20,5
3,g,bench_graphs/graph_with_forced_collisions_40.dot,bench_graphs/constraints_collisions_40.dot,9,0,5
4,e,bench_graphs/graph_with_forced_collisions_40.dot,bench_graphs/constraints_collisions_40.dot,9,20,5
5,h,bench_graphs/graph_with_forced_collisions_40.dot,bench_graphs/constraints_collisions_40.dot,9,20,5
6,g,bench_graphs/graph_with_forced_collisions_60.dot,bench_graphs/constraints_collisions_60.dot,13,0,5
7,e,bench_graphs/graph_with_forced_collisions_60.dot,bench_graphs/constraints_collisions_60.dot,13,20,5
8,h,bench_graphs/graph_with_forced_collisions_60.dot,bench_graphs/constraints_collisions_60.dot,13,20,5
9,g,bench_graphs/graph_with_forced_collisions_80.dot,bench_graphs/constraints_collisions_80.dot,15,0,5
10,e,bench_graphs/graph_with_forced_collisions_80.dot,bench_graphs/constraints_collisions_80.dot,15,20,5
11,h,bench_graphs/graph_with_forced_collisions_80.dot,bench_graphs/constraints_collisions_80.dot,15,20,5
12,g,bench_graphs/graph_with_forced_collisions_100.dot,bench_graphs/constraints_collisions_100.dot,19,0,5
13,e,bench_graphs/graph_with_forced_collisions_100.dot,bench_graphs/constraints_collisions_100.dot,19,20,5
14,h,bench_graphs/graph_with_forced_collisions_100.dot,bench_graphs/constraints_collisions_100.dot,19,20,5
15,g,bench_graphs/graph_with_forced_collisions_120.dot,bench_graphs/constraints_collisions_120.dot,23,0,5
16,e,bench_graphs/graph_with_forced_collisions_120.dot,bench_graphs/constraints_collisions_120.dot,23,20,5
17,h,bench_graphs/graph_with_forced_collisions_120.dot,bench_graphs/constraints_collisions_120.dot,23,20,5
18,g,bench_graphs/graph_with_forced_collisions_140.dot,bench_graphs/constraints_collisions_140.dot,25,0,5
19,e,bench_graphs/graph_with_forced_collisions_140.dot,bench_graphs/constraints_collisions_140.dot,25,20,5
20,h,bench_graphs/graph_with_forced_collisions_140.dot,bench_graphs/constraints_collisions_140.dot,25,20,5
21,g,bench_graphs/graph_with_forced_collisions_160.dot,bench_graphs/constraints_collisions_160.dot,29,0,5
22,e,bench_graphs/graph_with_forced_collisions_160.dot,bench_graphs/constraints_collisions_160.dot,29,20,5
23,h,bench_graphs/graph_with_forced_collisions_160.dot,bench_graphs/constraints_collisions_160.dot,29,20,5
24,g,bench_graphs/graph_with_forced_collisions_180.dot,bench_graphs/constraints_collisions_180.dot,33,0,5
25,e,bench_graphs/graph_with_forced_collisions_180.dot,bench_graphs/constraints_collisions_180.dot,33,20,5
26,h,bench_graphs/graph_with_forced_collisions_180.dot,bench_graphs/constraints_collisions_180.dot,33,20,5
27,g,bench_graphs/graph_with_forced_collisions_200.dot,bench_graphs/constraints_collisions_200.dot,35,0,5
28,e,bench_graphs/graph_with_forced_collisions_200.dot,bench_graphs/constraints_collisions_200.dot,35,20,5
29,h,bench_graphs/graph_with_forced_collisions_200.dot,bench_graphs/constraints_collisions_200.dot,35,20,5
30,g,bench_graphs/graph_with_forced_collisions_220.dot,bench_graphs/constraints_collisions_220.dot,38,0,5
31,e,bench_graphs/graph_with_forced_collisions_220.dot,bench_graphs/constraints_collisions_220.dot,38,20,5
32,h,bench_graphs/graph_with_forced_collisions_220.dot,bench_graphs/constraints_collisions_220.dot,38,20,5
33,g,bench_graphs/graph_with_forced_collisions_240.dot,bench_graphs/constraints_collisions_240.dot,41,0,5
34,e,bench_graphs/graph_with_forced_collisions_240.dot,bench_graphs/constraints_collisions_240.dot,41,20,5
35,h,bench_graphs/graph_with_forced_collisions_240.dot,bench_graphs/constraints_collisions_240.dot,41,20,5
