144,g,bench_graphs/graph_with_constraints.dot,bench_graphs/constraints_10.dot,19,0,5
145,e,bench_graphs/graph_with_constraints.dot,bench_graphs/constraints_10.dot,19,20,5
146,h,bench_graphs/graph_with_constraints.dot,bench_graphs/constraints_10.dot,19,20,5
147,g,bench_graphs/graph_with_constraints.dot,bench_graphs/constraints_20.dot,19,0,5
148,e,bench_graphs/graph_with_constraints.dot,bench_graphs/constraints_20.dot,19,20,5
149,h,bench_graphs/graph_with_constraints.dot,bench_graphs/constraints_20.dot,19,20,5
150,g,bench_graphs/graph_with_constraints.dot,bench_graphs/constraints_30.dot,19,0,5
151,e,bench_graphs/graph_with_constraints.dot,bench_graphs/constraints_30.dot,19,20,5
152,h,bench_graphs/graph_with_constraints.dot,bench_graphs/constraints_30.dot,19,20,5
153,g,bench_graphs/graph_with_constraints.dot,bench_graphs/constraints_40.dot,19,0,5
154,e,bench_graphs/graph_with_constraints.dot,bench_graphs/constraints_40.dot,19,20,5
155,h,bench_graphs/graph_with_constraints.dot,bench_graphs/constraints_40.dot,19,20,5
156,g,bench_graphs/graph_with_constraints.dot,bench_graphs/constraints_50.dot,19,0,5
157,e,bench_graphs/graph_with_constraints.dot,bench_graphs/constraints_50.dot,19,20,5
158,h,bench_graphs/graph_with_constraints.dot,bench_graphs/constraints_50.dot,19,20,5
159,g,bench_graphs/graph_with_constraints.dot,bench_graphs/constraints_60.dot,19,0,5
160,e,bench_graphs/graph_with_constraints.dot,bench_graphs/constraints_60.dot,19,20,5
161,h,bench_graphs/graph_with_constraints.dot,bench_graphs/constraints_60.dot,19,20,5
162,g,bench_graphs/graph_with_constraints.dot,bench_graphs/constraints_70.dot,19,0,5
163,e,bench_graphs/graph_with_constraints.dot,bench_graphs/constraints_70.dot,19,20,5
164,h,bench_graphs/graph_with_constraints.dot,bench_graphs/constraints_70.dot,19,20,5
165,g,bench_graphs/graph_with_constraints.dot,bench_graphs/constraints_80.dot,19,0,5
166,e,bench_graphs/graph_with_constraints.dot,bench_graphs/constraints_80.dot,19,20,5
167,h,bench_graphs/graph_with_constraints.dot,bench_graphs/constraints_80.dot,19,20,5
168,g,bench_graphs/graph_with_constraints.dot,bench_graphs/constraints_90.dot,19,0,5
169,e,bench_graphs/graph_with_constraints.dot,bench_graphs/constraints_90.dot,19,20,5
170,h,bench_graphs/graph_with_constraints.dot,bench_graphs/constraints_90.dot,19,20,5
171,g,bench_graphs/graph_with_constraints.dot,bench_graphs/constraints_100.dot,19,0,5
172,e,bench_graphs/graph_with_constraints.dot,bench_graphs/constraints_100.dot,19,20,5
173,h,bench_graphs/graph_with_constraints.dot,bench_graphs/constraints_100.dot,19,20,5
174,g,bench_graphs/graph_with_constraints.dot,bench_graphs/constraints_110.dot,19,0,5
175,e,bench_graphs/graph_with_constraints.dot,bench_graphs/constraints_110.dot,19,20,5
176,h,bench_graphs/graph_with_constraints.dot,bench_graphs/constraints_110.dot,19,20,5
177,g,bench_graphs/graph_with_constraints.dot,bench_graphs/constraints_120.dot,19,0,5
178,e,bench_graphs/graph_with_constraints.dot,bench_graphs/constraints_120.dot,19,20,5
179,h,bench_graphs/graph_with_constraints.dot,bench_graphs/constraints_120.dot,19,20,5
180,g,bench_graphs/graph_with_constraints.dot,bench_graphs/constraints_130.dot,19,0,5
181,e,bench_graphs/graph_with_constraints.dot,bench_graphs/constraints_130.dot,19,20,5
182,h,bench_graphs/graph_with_constraints.dot,bench_graphs/constraints_130.dot,19,20,5
183,g,bench_graphs/graph_with_constraints.dot,bench_graphs/constraints_140.dot,19,0,5
184,e,bench_graphs/graph_with_constraints.dot,bench_graphs/constraints_140.dot,19,20,5
185,h,bench_graphs/graph_with_constraints.dot,bench_graphs/constraints_140.dot,19,20,5
186,g,bench_graphs/graph_with_constraints.dot,bench_graphs/constraints_150.dot,19,0,5
187,e,bench_graphs/graph_with_constraints.dot,bench_graphs/constraints_150.dot,19,20,5
188,h,bench_graphs/graph_with_constraints.dot,bench_graphs/constraints_150.dot,19,20,5
189,g,bench_graphs/graph_with_constraints.dot,bench_graphs/constraints_160.dot,19,0,5
190,e,bench_graphs/graph_with_constraints.dot,bench_graphs/constraints_160.dot,19,20,5
191,h,bench_graphs/graph_with_constraints.dot,bench_graphs/constraints_160.dot,19,20,5
192,g,bench_graphs/graph_with_constraints.dot,bench_graphs/constraints_170.dot,19,0,5
193,e,bench_graphs/graph_with_constraints.dot,bench_graphs/constraints_170.dot,19,20,5
194,h,bench_graphs/graph_with_constraints.dot,bench_graphs/constraints_170.dot,19,20,5
195,g,bench_graphs/graph_with_constraints.dot,bench_graphs/constraints_180.dot,19,0,5
196,e,bench_graphs/graph_with_constraints.dot,bench_graphs/constraints_180.dot,19,20,5
197,h,bench_graphs/graph_with_constraints.dot,bench_graphs/constraints_180.dot,19,20,5
198,g,bench_graphs/graph_with_constraints.dot,bench_graphs/constraints_190.dot,19,0,5
199,e,bench_graphs/graph_with_constraints.dot,bench_graphs/constraints_190.dot,19,20,5
200,h,bench_graphs/graph_with_constraints.dot,bench_graphs/constraints_190.dot,19,20,5
201,g,bench_graphs/graph_with_constraints.dot,bench_graphs/constraints_200.dot,19,0,5
202,e,bench_graphs/graph_with_constraints.dot,bench_graphs/constraints_200.dot,19,20,5
203,h,bench_graphs/graph_with_constraints.dot,bench_graphs/constraints_200.dot,19,20,5
204,g,bench_graphs/graph_with_constraints.dot,bench_graphs/constraints_210.dot,19,0,5
205,e,bench_graphs/graph_with_constraints.dot,bench_graphs/constraints_210.dot,19,20,5
206,h,bench_graphs/graph_with_constraints.dot,bench_graphs/constraints_210.dot,19,20,5
207,g,bench_graphs/graph_with_constraints.dot,bench_graphs/constraints_220.dot,19,0,5
208,e,bench_graphs/graph_with_constraints.dot,bench_graphs/constraints_220.dot,19,20,5
209,h,bench_graphs/graph_with_constraints.dot,bench_graphs/constraints_220.dot,19,20,5
210,g,bench_graphs/graph_with_constraints.dot,bench_graphs/constraints_230.dot,19,0,5
211,e,bench_graphs/graph_with_constraints.dot,bench_graphs/constraints_230.dot,19,20,5
212,h,bench_graphs/graph_with_constraints.dot,bench_graphs/constraints_230.dot,19,20,5
213,g,bench_graphs/graph_with_constraints.dot,bench_graphs/constraints_240.dot,19,0,5
214,e,bench_graphs/graph_with_constraints.dot,bench_graphs/constraints_240.dot,19,20,5
215,h,bench_graphs/graph_with_constraints.dot,bench_graphs/constraints_240.dot,19,20,5
216,g,bench_graphs/graph_with_constraints.dot,bench_graphs/constraints_250.dot,19,0,5
217,e,bench_graphs/graph_with_constraints.dot,bench_graphs/constraints_250.dot,19,20,5
218,h,bench_graphs/graph_with_constraints.dot,bench_graphs/constraints_250.dot,19,20,5
219,g,bench_graphs/graph_with_constraints.dot,bench_graphs/constraints_260.dot,19,0,5
220,e,bench_graphs/graph_with_constraints.dot,bench_graphs/constraints_260.dot,19,20,5
221,h,bench_graphs/graph_with_constraints.dot,bench_graphs/constraints_260.dot,19,20,5
222,g,bench_graphs/graph_with_constraints.dot,bench_graphs/constraints_270.dot,19,0,5
223,e,bench_graphs/graph_with_constraints.dot,bench_graphs/constraints_270.dot,19,20,5
224,h,bench_graphs/graph_with_constraints.dot,bench_graphs/constraints_270.dot,19,20,5
225,g,bench_graphs/graph_with_constraints.dot,bench_graphs/constraints_280.dot,19,0,5
226,e,bench_graphs/graph_with_constraints.dot,bench_graphs/constraints_280.dot,19,20,5
227,h,bench_graphs/graph_with_constraints.dot,bench_graphs/constraints_280.dot,19,20,5
228,g,bench_graphs/graph_with_constraints.dot,bench_graphs/constraints_290.dot,19,0,5
229,e,bench_graphs/graph_with_constraints.dot,bench_graphs/constraints_290.dot,19,20,5
230,h,bench_graphs/graph_with_constraints.dot,bench_graphs/constraints_290.dot,19,20,5
231,g,bench_graphs/graph_with_constraints.dot,bench_graphs/constraints_300.dot,19,0,5
232,e,bench_graphs/graph_with_constraints.dot,bench_graphs/constraints_300.dot,19,20,5
233,h,bench_graphs/graph_with_constraints.dot,bench_graphs/constraints_300.dot,19,20,5
234,g,bench_graphs/graph_with_constraints.dot,bench_graphs/constraints_310.dot,19,0,5
235,e,bench_graphs/graph_with_constraints.dot,bench_graphs/constraints_310.dot,19,20,5
236,h,bench_graphs/graph_with_constraints.dot,bench_graphs/constraints_310.dot,19,20,5
237,g,bench_graphs/graph_with_constraints.dot,bench_graphs/constraints_320.dot,19,0,5
238,e,bench_graphs/graph_with_constraints.dot,bench_graphs/constraints_320.dot,19,20,5
239,h,bench_graphs/graph_with_constraints.dot,bench_graphs/constraints_320.dot,19,20,5
240,g,bench_graphs/graph_with_constraints.dot,bench_graphs/constraints_330.dot,19,0,5
241,e,bench_graphs/graph_with_constraints.dot,bench_graphs/constraints_330.dot,19,20,5
242,h,bench_graphs/graph_with_constraints.dot,bench_graphs/constraints_330.dot,19,20,5
243,g,bench_graphs/graph_with_constraints.dot,bench_graphs/constraints_340.dot,19,0,5
244,e,bench_graphs/graph_with_constraints.dot,bench_graphs/constraints_340.dot,19,20,5
245,h,bench_graphs/graph_with_constraints.dot,bench_graphs/constraints_340.dot,19,20,5
246,g,bench_graphs/graph_with_constraints.dot,bench_graphs/constraints_350.dot,19,0,5
247,e,bench_graphs/graph_with_constraints.dot,bench_graphs/constraints_350.dot,19,20,5
248,h,bench_graphs/graph_with_constraints.dot,bench_graphs/constraints_350.dot,19,20,5
249,g,bench_graphs/graph_with_constraints.dot,bench_graphs/constraints_360.dot,19,0,5
250,e,bench_graphs/graph_with_constraints.dot,bench_graphs/constraints_360.dot,19,20,5
251,h,bench_graphs/graph_with_constraints.dot,bench_graphs/constraints_360.dot,19,20,5
252,g,bench_graphs/graph_with_constraints.dot,bench_graphs/constraints_370.dot,19,0,5
253,e,bench_graphs/graph_with_constraints.dot,bench_graphs/constraints_370.dot,19,20,5
254,h,bench_graphs/graph_with_constraints.dot,bench_graphs/constraints_370.dot,19,20,5
255,g,bench_graphs/graph_with_constraints.dot,bench_graphs/constraints_380.dot,19,0,5
256,e,bench_graphs/graph_with_constraints.dot,bench_graphs/constraints_380.dot,19,20,5
257,h,bench_graphs/graph_with_constraints.dot,bench_graphs/constraints_380.dot,19,20,5
258,g,bench_graphs/graph_with_constraints.dot,bench_graphs/constraints_390.dot,19,0,5
259,e,bench_graphs/graph_with_constraints.dot,bench_graphs/constraints_390.dot,19,20,5
260,h,bench_graphs/graph_with_constraints.dot,bench_graphs/constraints_390.dot,19,20,5
261,g,bench_graphs/graph_with_constraints.dot,bench_graphs/constraints_400.dot,19,0,5
262,e,bench_graphs/graph_with_constraints.dot,bench_graphs/constraints_400.dot,19,20,5
263,h,bench_graphs/graph_with_constraints.dot,bench_graphs/constraints_400.dot,19,20,5
264,g,bench_graphs/graph_with_constraints.dot,bench_graphs/constraints_410.dot,19,0,5
265,e,bench_graphs/graph_with_constraints.dot,bench_graphs/constraints_410.dot,19,20,5
266,h,bench_graphs/graph_with_constraints.dot,bench_graphs/constraints_410.dot,19,20,5
267,g,bench_graphs/graph_with_constraints.dot,bench_graphs/constraints_420.dot,19,0,5
268,e,bench_graphs/graph_with_constraints.dot,bench_graphs/constraints_420.dot,19,20,5
269,h,bench_graphs/graph_with_constraints.dot,bench_graphs/constraints_420.dot,19,20,5
270,g,bench_graphs/graph_with_constraints.dot,bench_graphs/constraints_430.dot,19,0,5
271,e,bench_graphs/graph_with_constraints.dot,bench_graphs/constraints_430.dot,19,20,5
272,h,bench_graphs/graph_with_constraints.dot,bench_graphs/constraints_430.dot,19,20,5
273,g,bench_graphs/graph_with_constraints.dot,bench_graphs/constraints_440.dot,19,0,5
274,e,bench_graphs/graph_with_constraints.dot,bench_graphs/constraints_440.dot,19,20,5
275,h,bench_graphs/graph_with_constraints.dot,bench_graphs/constraints_440.dot,19,20,5
276,g,bench_graphs/graph_with_constraints.dot,bench_graphs/constraints_450.dot,19,0,5
277,e,bench_graphs/graph_with_constraints.dot,bench_graphs/constraints_450.dot,19,20,5
278,h,bench_graphs/graph_with_constraints.dot,bench_graphs/constraints_450.dot,19,20,5
279,g,bench_graphs/graph_with_constraints.dot,bench_graphs/constraints_460.dot,19,0,5
280,e,bench_graphs/graph_with_constraints.dot,bench_graphs/constraints_460.dot,19,20,5
281,h,bench_graphs/graph_with_constraints.dot,bench_graphs/constraints_460.dot,19,20,5
282,g,bench_graphs/graph_with_constraints.dot,bench_graphs/constraints_470.dot,19,0,5
283,e,bench_graphs/graph_with_constraints.dot,bench_graphs/constraints_470.dot,19,20,5
284,h,bench_graphs/graph_with_constraints.dot,bench_graphs/constraints_470.dot,19,20,5
285,g,bench_graphs/graph_with_constraints.dot,bench_graphs/constraints_480.dot,19,0,5
286,e,bench_graphs/graph_with_constraints.dot,bench_graphs/constraints_480.dot,19,20,5
287,h,bench_graphs/graph_with_constraints.dot,bench_graphs/constraints_480.dot,19,20,5
288,g,bench_graphs/graph_with_constraints.dot,bench_graphs/constraints_490.dot,19,0,5
289,e,bench_graphs/graph_with_constraints.dot,bench_graphs/constraints_490.dot,19,20,5
290,h,bench_graphs/graph_with_constraints.dot,bench_graphs/constraints_490.dot,19,20,5
291,g,bench_graphs/graph_with_constraints.dot,bench_graphs/constraints_500.dot,19,0,5
292,e,bench_graphs/graph_with_constraints.dot,bench_graphs/constraints_500.dot,19,20,5
293,h,bench_graphs/graph_with_constraints.dot,bench_graphs/constraints_500.dot,19,20,5
294,g,bench_graphs/graph_with_constraints.dot,bench_graphs/constraints_510.dot,19,0,5
295,e,bench_graphs/graph_with_constraints.dot,bench_graphs/constraints_510.dot,19,20,5
296,h,bench_graphs/graph_with_constraints.dot,bench_graphs/constraints_510.dot,19,20,5
297,g,bench_graphs/graph_with_constraints.dot,bench_graphs/constraints_520.dot,19,0,5
298,e,bench_graphs/graph_with_constraints.dot,bench_graphs/constraints_520.dot,19,20,5
299,h,bench_graphs/graph_with_constraints.dot,bench_graphs/constraints_520.dot,19,20,5
300,g,bench_graphs/graph_with_constraints.dot,bench_graphs/constraints_530.dot,19,0,5
301,e,bench_graphs/graph_with_constraints.dot,bench_graphs/constraints_530.dot,19,20,5
302,h,bench_graphs/graph_with_constraints.dot,bench_graphs/constraints_530.dot,19,20,5
303,g,bench_graphs/graph_with_constraints.dot,bench_graphs/constraints_540.dot,19,0,5
304,e,bench_graphs/graph_with_constraints.dot,bench_graphs/constraints_540.dot,19,20,5
305,h,bench_graphs/graph_with_constraints.dot,bench_graphs/constraints_540.dot,19,20,5
306,g,bench_graphs/graph_with_constraints.dot,bench_graphs/constraints_550.dot,19,0,5
307,e,bench_graphs/graph_with_constraints.dot,bench_graphs/constraints_550.dot,19,20,5
308,h,bench_graphs/graph_with_constraints.dot,bench_graphs/constraints_550.dot,19,20,5
309,g,bench_graphs/graph_with_constraints.dot,bench_graphs/constraints_560.dot,19,0,5
310,e,bench_graphs/graph_with_constraints.dot,bench_graphs/constraints_560.dot,19,20,5
311,h,bench_graphs/graph_with_constraints.dot,bench_graphs/constraints_560.dot,19,20,5
312,g,bench_graphs/graph_with_constraints.dot,bench_graphs/constraints_570.dot,19,0,5
313,e,bench_graphs/graph_with_constraints.dot,bench_graphs/constraints_570.dot,19,20,5
314,h,bench_graphs/graph_with_constraints.dot,bench_graphs/constraints_570.dot,19,20,5
315,g,bench_graphs/graph_with_constraints.dot,bench_graphs/constraints_580.dot,19,0,5
316,e,bench_graphs/graph_with_constraints.dot,bench_graphs/constraints_580.dot,19,20,5
317,h,bench_graphs/graph_with_constraints.dot,bench_graphs/constraints_580.dot,19,20,5
318,g,bench_graphs/graph_with_constraints.dot,bench_graphs/constraints_590.dot,19,0,5
319,e,bench_graphs/graph_with_constraints.dot,bench_graphs/constraints_590.dot,19,20,5
320,h,bench_graphs/graph_with_constraints.dot,bench_graphs/constraints_590.dot,19,20,5
321,g,bench_graphs/graph_with_constraints.dot,bench_graphs/constraints_600.dot,19,0,5
322,e,bench_graphs/graph_with_constraints.dot,bench_graphs/constraints_600.dot,19,20,5
323,h,bench_graphs/graph_with_constraints.dot,bench_graphs/constraints_600.dot,19,20,5
324,g,bench_graphs/graph_with_constraints.dot,bench_graphs/constraints_610.dot,19,0,5
325,e,bench_graphs/graph_with_constraints.dot,bench_graphs/constraints_610.dot,19,20,5
326,h,bench_graphs/graph_with_constraints.dot,bench_graphs/constraints_610.dot,19,20,5
327,g,bench_graphs/graph_with_constraints.dot,bench_graphs/constraints_620.dot,19,0,5
328,e,bench_graphs/graph_with_constraints.dot,bench_graphs/constraints_620.dot,19,20,5
329,h,bench_graphs/graph_with_constraints.dot,bench_graphs/constraints_620.dot,19,20,5
330,g,bench_graphs/graph_with_constraints.dot,bench_graphs/constraints_630.dot,19,0,5
331,e,bench_graphs/graph_with_constraints.dot,bench_graphs/constraints_630.dot,19,20,5
332,h,bench_graphs/graph_with_constraints.dot,bench_graphs/constraints_630.dot,19,20,5
333,g,bench_graphs/graph_with_constraints.dot,bench_graphs/constraints_640.dot,19,0,5
334,e,bench_graphs/graph_with_constraints.dot,bench_graphs/constraints_640.dot,19,20,5
335,h,bench_graphs/graph_with_constraints.dot,bench_graphs/constraints_640.dot,19,20,5
336,g,bench_graphs/graph_with_constraints.dot,bench_graphs/constraints_650.dot,19,0,5
337,e,bench_graphs/graph_with_constraints.dot,bench_graphs/constraints_650.dot,19,20,5
338,h,bench_graphs/graph_with_constraints.dot,bench_graphs/constraints_650.dot,19,20,5
339,g,bench_graphs/graph_with_constraints.dot,bench_graphs/constraints_660.dot,19,0,5
340,e,bench_graphs/graph_with_constraints.dot,bench_graphs/constraints_660.dot,19,20,5
341,h,bench_graphs/graph_with_constraints.dot,bench_graphs/constraints_660.dot,19,20,5
342,g,bench_graphs/graph_with_constraints.dot,bench_graphs/constraints_670.dot,19,0,5
343,e,bench_graphs/graph_with_constraints.dot,bench_graphs/constraints_670.dot,19,20,5
344,h,bench_graphs/graph_with_constraints.dot,bench_graphs/constraints_670.dot,19,20,5
345,g,bench_graphs/graph_with_constraints.dot,bench_graphs/constraints_680.dot,19,0,5
346,e,bench_graphs/graph_with_constraints.dot,bench_graphs/constraints_680.dot,19,20,5
347,h,bench_graphs/graph_with_constraints.dot,bench_graphs/constraints_680.dot,19,20,5
348,g,bench_graphs/graph_with_constraints.dot,bench_graphs/constraints_690.dot,19,0,5
349,e,bench_graphs/graph_with_constraints.dot,bench_graphs/constraints_690.dot,19,20,5
350,h,bench_graphs/graph_with_constraints.dot,bench_graphs/constraints_690.dot,19,20,5
351,g,bench_graphs/graph_with_constraints.dot,bench_graphs/constraints_700.dot,19,0,5
352,e,bench_graphs/graph_with_constraints.dot,bench_graphs/constraints_700.dot,19,20,5
353,h,bench_graphs/graph_with_constraints.dot,bench_graphs/constraints_700.dot,19,20,5
354,g,bench_graphs/graph_with_constraints.dot,bench_graphs/constraints_710.dot,19,0,5
355,e,bench_graphs/graph_with_constraints.dot,bench_graphs/constraints_710.dot,19,20,5
356,h,bench_graphs/graph_with_constraints.dot,bench_graphs/constraints_710.dot,19,20,5
357,g,bench_graphs/graph_with_constraints.dot,bench_graphs/constraints_720.dot,19,0,5
358,e,bench_graphs/graph_with_constraints.dot,bench_graphs/constraints_720.dot,19,20,5
359,h,bench_graphs/graph_with_constraints.dot,bench_graphs/constraints_720.dot,19,20,5
360,g,bench_graphs/graph_with_constraints.dot,bench_graphs/constraints_730.dot,19,0,5
361,e,bench_graphs/graph_with_constraints.dot,bench_graphs/constraints_730.dot,19,20,5
362,h,bench_graphs/graph_with_constraints.dot,bench_graphs/constraints_730.dot,19,20,5
363,g,bench_graphs/graph_with_constraints.dot,bench_graphs/constraints_740.dot,19,0,5
364,e,bench_graphs/graph_with_constraints.dot,bench_graphs/constraints_740.dot,19,20,5
365,h,bench_graphs/graph_with_constraints.dot,bench_graphs/constraints_740.dot,19,20,5
366,g,bench_graphs/graph_with_constraints.dot,bench_graphs/constraints_750.dot,19,0,5
367,e,bench_graphs/graph_with_constraints.dot,bench_graphs/constraints_750.dot,19,20,5
368,h,bench_graphs/graph_with_constraints.dot,bench_graphs/constraints_750.dot,19,20,5
369,g,bench_graphs/graph_with_constraints.dot,bench_graphs/constraints_760.dot,19,0,5
370,e,bench_graphs/graph_with_constraints.dot,bench_graphs/constraints_760.dot,19,20,5
371,h,bench_graphs/graph_with_constraints.dot,bench_graphs/constraints_760.dot,19,20,5
372,g,bench_graphs/graph_with_constraints.dot,bench_graphs/constraints_770.dot,19,0,5
373,e,bench_graphs/graph_with_constraints.dot,bench_graphs/constraints_770.dot,19,20,5
374,h,bench_graphs/graph_with_constraints.dot,bench_graphs/constraints_770.dot,19,20,5
375,g,bench_graphs/graph_with_constraints.dot,bench_graphs/constraints_780.dot,19,0,5
376,e,bench_graphs/graph_with_constraints.dot,bench_graphs/constraints_780.dot,19,20,5
377,h,bench_graphs/graph_with_constraints.dot,bench_graphs/constraints_780.dot,19,20,5
378,g,bench_graphs/graph_with_constraints.dot,bench_graphs/constraints_790.dot,19,0,5
379,e,bench_graphs/graph_with_constraints.dot,bench_graphs/constraints_790.dot,19,20,5
380,h,bench_graphs/graph_with_constraints.dot,bench_graphs/constraints_790.dot,19,20,5
381,g,bench_graphs/graph_with_constraints.dot,bench_graphs/constraints_800.dot,19,0,5
382,e,bench_graphs/graph_with_constraints.dot,bench_graphs/constraints_800.dot,19,20,5
383,h,bench_graphs/graph_with_constraints.dot,bench_graphs/constraints_800.dot,19,20,5
384,g,bench_graphs/graph_with_constraints.dot,bench_graphs/constraints_810.dot,19,0,5
385,e,bench_graphs/graph_with_constraints.dot,bench_graphs/constraints_810.dot,19,20,5
386,h,bench_graphs/graph_with_constraints.dot,bench_graphs/constraints_810.dot,19,20,5
387,g,bench_graphs/graph_with_constraints.dot,bench_graphs/constraints_820.dot,19,0,5
388,e,bench_graphs/graph_with_constraints.dot,bench_graphs/constraints_820.dot,19,20,5
389,h,bench_graphs/graph_with_constraints.dot,bench_graphs/constraints_820.dot,19,20,5
390,g,bench_graphs/graph_with_constraints.dot,bench_graphs/constraints_830.dot,19,0,5
391,e,bench_graphs/graph_with_constraints.dot,bench_graphs/constraints_830.dot,19,20,5
392,h,bench_graphs/graph_with_constraints.dot,bench_graphs/constraints_830.dot,19,20,5
393,g,bench_graphs/graph_with_constraints.dot,bench_graphs/constraints_840.dot,19,0,5
394,e,bench_graphs/graph_with_constraints.dot,bench_graphs/constraints_840.dot,19,20,5
395,h,bench_graphs/graph_with_constraints.dot,bench_graphs/constraints_840.dot,19,20,5
396,g,bench_graphs/graph_with_constraints.dot,bench_graphs/constraints_850.dot,19,0,5
397,e,bench_graphs/graph_with_constraints.dot,bench_graphs/constraints_850.dot,19,20,5
398,h,bench_graphs/graph_with_constraints.dot,bench_graphs/constraints_850.dot,19,20,5
399,g,bench_graphs/graph_with_constraints.dot,bench_graphs/constraints_860.dot,19,0,5
400,e,bench_graphs/graph_with_constraints.dot,bench_graphs/constraints_860.dot,19,20,5
401,h,bench_graphs/graph_with_constraints.dot,bench_graphs/constraints_860.dot,19,20,5
402,g,bench_graphs/graph_with_constraints.dot,bench_graphs/constraints_870.dot,19,0,5
403,e,bench_graphs/graph_with_constraints.dot,bench_graphs/constraints_870.dot,19,20,5
404,h,bench_graphs/graph_with_constraints.dot,bench_graphs/constraints_870.dot,19,20,5
405,g,bench_graphs/graph_with_constraints.dot,bench_graphs/constraints_880.dot,19,0,5
406,e,bench_graphs/graph_with_constraints.dot,bench_graphs/constraints_880.dot,19,20,5
407,h,bench_graphs/graph_with_constraints.dot,bench_graphs/constraints_880.dot,19,20,5
408,g,bench_graphs/graph_with_constraints.dot,bench_graphs/constraints_890.dot,19,0,5
409,e,bench_graphs/graph_with_constraints.dot,bench_graphs/constraints_890.dot,19,20,5
410,h,bench_graphs/graph_with_constraints.dot,bench_graphs/constraints_890.dot,19,20,5
411,g,bench_graphs/graph_with_constraints.dot,bench_graphs/constraints_900.dot,19,0,5
412,e,bench_graphs/graph_with_constraints.dot,bench_graphs/constraints_900.dot,19,20,5
413,h,bench_graphs/graph_with_constraints.dot,bench_graphs/constraints_900.dot,19,20,5
414,g,bench_graphs/graph_with_constraints.dot,bench_graphs/constraints_910.dot,19,0,5
415,e,bench_graphs/graph_with_constraints.dot,bench_graphs/constraints_910.dot,19,20,5
416,h,bench_graphs/graph_with_constraints.dot,bench_graphs/constraints_910.dot,19,20,5
417,g,bench_graphs/graph_with_constraints.dot,bench_graphs/constraints_920.dot,19,0,5
418,e,bench_graphs/graph_with_constraints.dot,bench_graphs/constraints_920.dot,19,20,5
419,h,bench_graphs/graph_with_constraints.dot,bench_graphs/constraints_920.dot,19,20,5
420,g,bench_graphs/graph_with_constraints.dot,bench_graphs/constraints_930.dot,19,0,5
421,e,bench_graphs/graph_with_constraints.dot,bench_graphs/constraints_930.dot,19,20,5
422,h,bench_graphs/graph_with_constraints.dot,bench_graphs/constraints_930.dot,19,20,5
423,g,bench_graphs/graph_with_constraints.dot,bench_graphs/constraints_940.dot,19,0,5
424,e,bench_graphs/graph_with_constraints.dot,bench_graphs/constraints_940.dot,19,20,5
425,h,bench_graphs/graph_with_constraints.dot,bench_graphs/constraints_940.dot,19,20,5
426,g,bench_graphs/graph_with_constraints.dot,bench_graphs/constraints_950.dot,19,0,5
427,e,bench_graphs/graph_with_constraints.dot,bench_graphs/constraints_950.dot,19,20,5
428,h,bench_graphs/graph_with_constraints.dot,bench_graphs/constraints_950.dot,19,20,5
429,g,bench_graphs/graph_with_constraints.dot,bench_graphs/constraints_960.dot,19,0,5
430,e,bench_graphs/graph_with_constraints.dot,bench_graphs/constraints_960.dot,19,20,5
431,h,bench_graphs/graph_with_constraints.dot,bench_graphs/constraints_960.dot,19,20,5
432,g,bench_graphs/graph_with_constraints.dot,bench_graphs/constraints_970.dot,19,0,5
433,e,bench_graphs/graph_with_constraints.dot,bench_graphs/constraints_970.dot,19,20,5
434,h,bench_graphs/graph_with_constraints.dot,bench_graphs/constraints_970.dot,19,20,5
435,g,bench_graphs/graph_with_constraints.dot,bench_graphs/constraints_980.dot,19,0,5
436,e,bench_graphs/graph_with_constraints.dot,bench_graphs/constraints_980.dot,19,20,5
437,h,bench_graphs/graph_with_constraints.dot,bench_graphs/constraints_980.dot,19,20,5
438,g,bench_graphs/graph_with_constraints.dot,bench_graphs/constraints_990.dot,19,0,5
439,e,bench_graphs/graph_with_constraints.dot,bench_graphs/constraints_990.dot,19,20,5
440,h,bench_graphs/graph_with_constraints.dot,bench_graphs/constraints_990.dot,19,20,5
441,g,bench_graphs/graph_with_constraints.dot,bench_graphs/constraints_1000.dot,19,0,5
442,e,bench_graphs/graph_with_constraints.dot,bench_graphs/constraints_1000.dot,19,20,5
443,h,bench_graphs/graph_with_constraints.dot,bench_graphs/constraints_1000.dot,19,20,5
444,g,bench_graphs/graph_with_constraints.dot,bench_graphs/constraints_1010.dot,19,0,5
445,e,bench_graphs/graph_with_constraints.dot,bench_graphs/constraints_1010.dot,19,20,5
446,h,bench_graphs/graph_with_constraints.dot,bench_graphs/constraints_1010.dot,19,20,5
447,g,bench_graphs/graph_with_constraints.dot,bench_graphs/constraints_1020.dot,19,0,5
448,e,bench_graphs/graph_with_constraints.dot,bench_graphs/constraints_1020.dot,19,20,5
449,h,bench_graphs/graph_with_constraints.dot,bench_graphs/constraints_1020.dot,19,20,5
450,g,bench_graphs/graph_with_constraints.dot,bench_graphs/constraints_1030.dot,19,0,5
451,e,bench_graphs/graph_with_constraints.dot,bench_graphs/constraints_1030.dot,19,20,5
452,h,bench_graphs/graph_with_constraints.dot,bench_graphs/constraints_1030.dot,19,20,5
453,g,bench_graphs/graph_with_constraints.dot,bench_graphs/constraints_1040.dot,19,0,5
454,e,bench_graphs/graph_with_constraints.dot,bench_graphs/constraints_1040.dot,19,20,5
455,h,bench_graphs/graph_with_constraints.dot,bench_graphs/constraints_1040.dot,19,20,5
456,g,bench_graphs/graph_with_constraints.dot,bench_graphs/constraints_1050.dot,19,0,5
457,e,bench_graphs/graph_with_constraints.dot,bench_graphs/constraints_1050.dot,19,20,5
458,h,bench_graphs/graph_with_constraints.dot,bench_graphs/constraints_1050.dot,19,20,5
459,g,bench_graphs/graph_with_constraints.dot,bench_graphs/constraints_1060.dot,19,0,5
460,e,bench_graphs/graph_with_constraints.dot,bench_graphs/constraints_1060.dot,19,20,5
461,h,bench_graphs/graph_with_constraints.dot,bench_graphs/constraints_1060.dot,19,20,5
462,g,bench_graphs/graph_with_constraints.dot,bench_graphs/constraints_1070.dot,19,0,5
463,e,bench_graphs/graph_with_constraints.dot,bench_graphs/constraints_1070.dot,19,20,5
464,h,bench_graphs/graph_with_constraints.dot,bench_graphs/constraints_1070.dot,19,20,5
465,g,bench_graphs/graph_with_constraints.dot,bench_graphs/constraints_1080.dot,19,0,5
466,e,bench_graphs/graph_with_constraints.dot,bench_graphs/constraints_1080.dot,19,20,5
467,h,bench_graphs/graph_with_constraints.dot,bench_graphs/constraints_1080.dot,19,20,5
468,g,bench_graphs/graph_with_constraints.dot,bench_graphs/constraints_1090.dot,19,0,5
469,e,bench_graphs/graph_with_constraints.dot,bench_graphs/constraints_1090.dot,19,20,5
470,h,bench_graphs/graph_with_constraints.dot,bench_graphs/constraints_1090.dot,19,20,5
471,g,bench_graphs/graph_with_constraints.dot,bench_graphs/constraints_1100.dot,19,0,5
472,e,bench_graphs/graph_with_constraints.dot,bench_graphs/constraints_1100.dot,19,20,5
473,h,bench_graphs/graph_with_constraints.dot,bench_graphs/constraints_1100.dot,19,20,5
474,g,bench_graphs/graph_with_constraints.dot,bench_graphs/constraints_1110.dot,19,0,5
475,e,bench_graphs/graph_with_constraints.dot,bench_graphs/constraints_1110.dot,19,20,5
476,h,bench_graphs/graph_with_constraints.dot,bench_graphs/constraints_1110.dot,19,20,5
477,g,bench_graphs/graph_with_constraints.dot,bench_graphs/constraints_1120.dot,19,0,5
478,e,bench_graphs/graph_with_constraints.dot,bench_graphs/constraints_1120.dot,19,20,5
479,h,bench_graphs/graph_with_constraints.dot,bench_graphs/constraints_1120.dot,19,20,5
480,g,bench_graphs/graph_with_constraints.dot,bench_graphs/constraints_1130.dot,19,0,5
481,e,bench_graphs/graph_with_constraints.dot,bench_graphs/constraints_1130.dot,19,20,5
482,h,bench_graphs/graph_with_constraints.dot,bench_graphs/constraints_1130.dot,19,20,5
483,g,bench_graphs/graph_with_constraints.dot,bench_graphs/constraints_1140.dot,19,0,5
484,e,bench_graphs/graph_with_constraints.dot,bench_graphs/constraints_1140.dot,19,20,5
485,h,bench_graphs/graph_with_constraints.dot,bench_graphs/constraints_1140.dot,19,20,5
486,g,bench_graphs/graph_with_constraints.dot,bench_graphs/constraints_1150.dot,19,0,5
487,e,bench_graphs/graph_with_constraints.dot,bench_graphs/constraints_1150.dot,19,20,5
488,h,bench_graphs/graph_with_constraints.dot,bench_graphs/constraints_1150.dot,19,20,5
489,g,bench_graphs/graph_with_constraints.dot,bench_graphs/constraints_1160.dot,19,0,5
490,e,bench_graphs/graph_with_constraints.dot,bench_graphs/constraints_1160.dot,19,20,5
491,h,bench_graphs/graph_with_constraints.dot,bench_graphs/constraints_1160.dot,19,20,5
492,g,bench_graphs/graph_with_constraints.dot,bench_graphs/constraints_1170.dot,19,0,5
493,e,bench_graphs/graph_with_constraints.dot,bench_graphs/constraints_1170.dot,19,20,5
494,h,bench_graphs/graph_with_constraints.dot,bench_graphs/constraints_1170.dot,19,20,5
495,g,bench_graphs/graph_with_constraints.dot,bench_graphs/constraints_1180.dot,19,0,5
496,e,bench_graphs/graph_with_constraints.dot,bench_graphs/constraints_1180.dot,19,20,5
497,h,bench_graphs/graph_with_constraints.dot,bench_graphs/constraints_1180.dot,19,20,5
498,g,bench_graphs/graph_with_constraints.dot,bench_graphs/constraints_1190.dot,19,0,5
499,e,bench_graphs/graph_with_constraints.dot,bench_graphs/constraints_1190.dot,19,20,5
500,h,bench_graphs/graph_with_constraints.dot,bench_graphs/constraints_1190.dot,19,20,5
501,g,bench_graphs/graph_with_constraints.dot,bench_graphs/constraints_1200.dot,19,0,5
502,e,bench_graphs/graph_with_constraints.dot,bench_graphs/constraints_1200.dot,19,20,5
503,h,bench_graphs/graph_with_constraints.dot,bench_graphs/constraints_1200.dot,19,20,5
504,g,bench_graphs/graph_with_constraints.dot,bench_graphs/constraints_1210.dot,19,0,5
505,e,bench_graphs/graph_with_constraints.dot,bench_graphs/constraints_1210.dot,19,20,5
506,h,bench_graphs/graph_with_constraints.dot,bench_graphs/constraints_1210.dot,19,20,5
507,g,bench_graphs/graph_with_constraints.dot,bench_graphs/constraints_1220.dot,19,0,5
508,e,bench_graphs/graph_with_constraints.dot,bench_graphs/constraints_1220.dot,19,20,5
509,h,bench_graphs/graph_with_constraints.dot,bench_graphs/constraints_1220.dot,19,20,5
510,g,bench_graphs/graph_with_constraints.dot,bench_graphs/constraints_1230.dot,19,0,5
511,e,bench_graphs/graph_with_constraints.dot,bench_graphs/constraints_1230.dot,19,20,5
512,h,bench_graphs/graph_with_constraints.dot,bench_graphs/constraints_1230.dot,19,20,5
513,g,bench_graphs/graph_with_constraints.dot,bench_graphs/constraints_1240.dot,19,0,5
514,e,bench_graphs/graph_with_constraints.dot,bench_graphs/constraints_1240.dot,19,20,5
515,h,bench_graphs/graph_with_constraints.dot,bench_graphs/constraints_1240.dot,19,20,5
516,g,bench_graphs/graph_with_constraints.dot,bench_graphs/constraints_1250.dot,19,0,5
517,e,bench_graphs/graph_with_constraints.dot,bench_graphs/constraints_1250.dot,19,20,5
518,h,bench_graphs/graph_with_constraints.dot,bench_graphs/constraints_1250.dot,19,20,5
519,g,bench_graphs/graph_with_constraints.dot,bench_graphs/constraints_1260.dot,19,0,5
520,e,bench_graphs/graph_with_constraints.dot,bench_graphs/constraints_1260.dot,19,20,5
521,h,bench_graphs/graph_with_constraints.dot,bench_graphs/constraints_1260.dot,19,20,5
522,g,bench_graphs/graph_with_constraints.dot,bench_graphs/constraints_1270.dot,19,0,5
523,e,bench_graphs/graph_with_constraints.dot,bench_graphs/constraints_1270.dot,19,20,5
524,h,bench_graphs/graph_with_constraints.dot,bench_graphs/constraints_1270.dot,19,20,5
525,g,bench_graphs/graph_with_constraints.dot,bench_graphs/constraints_1280.dot,19,0,5
526,e,bench_graphs/graph_with_constraints.dot,bench_graphs/constraints_1280.dot,19,20,5
527,h,bench_graphs/graph_with_constraints.dot,bench_graphs/constraints_1280.dot,19,20,5
528,g,bench_graphs/graph_with_constraints.dot,bench_graphs/constraints_1290.dot,19,0,5
529,e,bench_graphs/graph_with_constraints.dot,bench_graphs/constraints_1290.dot,19,20,5
530,h,bench_graphs/graph_with_constraints.dot,bench_graphs/constraints_1290.dot,19,20,5
531,g,bench_graphs/graph_with_constraints.dot,bench_graphs/constraints_1300.dot,19,0,5
532,e,bench_graphs/graph_with_constraints.dot,bench_graphs/constraints_1300.dot,19,20,5
533,h,bench_graphs/graph_with_constraints.dot,bench_graphs/constraints_1300.dot,19,20,5
534,g,bench_graphs/graph_with_constraints.dot,bench_graphs/constraints_1310.dot,19,0,5
535,e,bench_graphs/graph_with_constraints.dot,bench_graphs/constraints_1310.dot,19,20,5
536,h,bench_graphs/graph_with_constraints.dot,bench_graphs/constraints_1310.dot,19,20,5
537,g,bench_graphs/graph_with_constraints.dot,bench_graphs/constraints_1320.dot,19,0,5
538,e,bench_graphs/graph_with_constraints.dot,bench_graphs/constraints_1320.dot,19,20,5
539,h,bench_graphs/graph_with_constraints.dot,bench_graphs/constraints_1320.dot,19,20,5
540,g,bench_graphs/graph_with_constraints.dot,bench_graphs/constraints_1330.dot,19,0,5
541,e,bench_graphs/graph_with_constraints.dot,bench_graphs/constraints_1330.dot,19,20,5
542,h,bench_graphs/graph_with_constraints.dot,bench_graphs/constraints_1330.dot,19,20,5
543,g,bench_graphs/graph_with_constraints.dot,bench_graphs/constraints_1340.dot,19,0,5
544,e,bench_graphs/graph_with_constraints.dot,bench_graphs/constraints_1340.dot,19,20,5
545,h,bench_graphs/graph_with_constraints.dot,bench_graphs/constraints_1340.dot,19,20,5
546,g,bench_graphs/graph_with_constraints.dot,bench_graphs/constraints_1350.dot,19,0,5
547,e,bench_graphs/graph_with_constraints.dot,bench_graphs/constraints_1350.dot,19,20,5
548,h,bench_graphs/graph_with_constraints.dot,bench_graphs/constraints_1350.dot,19,20,5
549,g,bench_graphs/graph_with_constraints.dot,bench_graphs/constraints_1360.dot,19,0,5
550,e,bench_graphs/graph_with_constraints.dot,bench_graphs/constraints_1360.dot,19,20,5
551,h,bench_graphs/graph_with_constraints.dot,bench_graphs/constraints_1360.dot,19,20,5
552,g,bench_graphs/graph_with_constraints.dot,bench_graphs/constraints_1370.dot,19,0,5
553,e,bench_graphs/graph_with_constraints.dot,bench_graphs/constraints_1370.dot,19,20,5
554,h,bench_graphs/graph_with_constraints.dot,bench_graphs/constraints_1370.dot,19,20,5
555,g,bench_graphs/graph_with_constraints.dot,bench_graphs/constraints_1380.dot,19,0,5
556,e,bench_graphs/graph_with_constraints.dot,bench_graphs/constraints_1380.dot,19,20,5
557,h,bench_graphs/graph_with_constraints.dot,bench_graphs/constraints_1380.dot,19,20,5
558,g,bench_graphs/graph_with_constraints.dot,bench_graphs/constraints_1390.dot,19,0,5
559,e,bench_graphs/graph_with_constraints.dot,bench_graphs/constraints_1390.dot,19,20,5
560,h,bench_graphs/graph_with_constraints.dot,bench_graphs/constraints_1390.dot,19,20,5
561,g,bench_graphs/graph_with_constraints.dot,bench_graphs/constraints_1400.dot,19,0,5
562,e,bench_graphs/graph_with_constraints.dot,bench_graphs/constraints_1400.dot,19,20,5
563,h,bench_graphs/graph_with_constraints.dot,bench_graphs/constraints_1400.dot,19,20,5
564,g,bench_graphs/graph_with_constraints.dot,bench_graphs/constraints_1410.dot,19,0,5
565,e,bench_graphs/graph_with_constraints.dot,bench_graphs/constraints_1410.dot,19,20,5
566,h,bench_graphs/graph_with_constraints.dot,bench_graphs/constraints_1410.dot,19,20,5
567,g,bench_graphs/graph_with_constraints.dot,bench_graphs/constraints_1420.dot,19,0,5
568,e,bench_graphs/graph_with_constraints.dot,bench_graphs/constraints_1420.dot,19,20,5
569,h,bench_graphs/graph_with_constraints.dot,bench_graphs/constraints_1420.dot,19,20,5
570,g,bench_graphs/graph_with_constraints.dot,bench_graphs/constraints_1430.dot,19,0,5
571,e,bench_graphs/graph_with_constraints.dot,bench_graphs/constraints_1430.dot,19,20,5
572,h,bench_graphs/graph_with_constraints.dot,bench_graphs/constraints_1430.dot,19,20,5
573,g,bench_graphs/graph_with_constraints.dot,bench_graphs/constraints_1440.dot,19,0,5
574,e,bench_graphs/graph_with_constraints.dot,bench_graphs/constraints_1440.dot,19,20,5
575,h,bench_graphs/graph_with_constraints.dot,bench_graphs/constraints_1440.dot,19,20,5
576,g,bench_graphs/graph_with_constraints.dot,bench_graphs/constraints_1450.dot,19,0,5
577,e,bench_graphs/graph_with_constraints.dot,bench_graphs/constraints_1450.dot,19,20,5
578,h,bench_graphs/graph_with_constraints.dot,bench_graphs/constraints_1450.dot,19,20,5
579,g,bench_graphs/graph_with_constraints.dot,bench_graphs/constraints_1460.dot,19,0,5
580,e,bench_graphs/graph_with_constraints.dot,bench_graphs/constraints_1460.dot,19,20,5
581,h,bench_graphs/graph_with_constraints.dot,bench_graphs/constraints_1460.dot,19,20,5
582,g,bench_graphs/graph_with_constraints.dot,bench_graphs/constraints_1470.dot,19,0,5
583,e,bench_graphs/graph_with_constraints.dot,bench_graphs/constraints_1470.dot,19,20,5
584,h,bench_graphs/graph_with_constraints.dot,bench_graphs/constraints_1470.dot,19,20,5
585,g,bench_graphs/graph_with_constraints.dot,bench_graphs/constraints_1480.dot,19,0,5
586,e,bench_graphs/graph_with_constraints.dot,bench_graphs/constraints_1480.dot,19,20,5
587,h,bench_graphs/graph_with_constraints.dot,bench_graphs/constraints_1480.dot,19,20,5
588,g,bench_graphs/graph_with_constraints.dot,bench_graphs/constraints_1490.dot,19,0,5
589,e,bench_graphs/graph_with_constraints.dot,bench_graphs/constraints_1490.dot,19,20,5
590,h,bench_graphs/graph_with_constraints.dot,bench_graphs/constraints_1490.dot,19,20,5
591,g,bench_graphs/graph_with_constraints.dot,bench_graphs/constraints_1500.dot,19,0,5
592,e,bench_graphs/graph_with_constraints.dot,bench_graphs/constraints_1500.dot,19,20,5
593,h,bench_graphs/graph_with_constraints.dot,bench_graphs/constraints_1500.dot,19,20,5
594,g,bench_graphs/graph_with_constraints.dot,bench_graphs/constraints_1510.dot,19,0,5
595,e,bench_graphs/graph_with_constraints.dot,bench_graphs/constraints_1510.dot,19,20,5
596,h,bench_graphs/graph_with_constraints.dot,bench_graphs/constraints_1510.dot,19,20,5
597,g,bench_graphs/graph_with_constraints.dot,bench_graphs/constraints_1520.dot,19,0,5
598,e,bench_graphs/graph_with_constraints.dot,bench_graphs/constraints_1520.dot,19,20,5
599,h,bench_graphs/graph_with_constraints.dot,bench_graphs/constraints_1520.dot,19,20,5
600,g,bench_graphs/graph_with_constraints.dot,bench_graphs/constraints_1530.dot,19,0,5
601,e,bench_graphs/graph_with_constraints.dot,bench_graphs/constraints_1530.dot,19,20,5
602,h,bench_graphs/graph_with_constraints.dot,bench_graphs/constraints_1530.dot,19,20,5
603,g,bench_graphs/graph_with_constraints.dot,bench_graphs/constraints_1540.dot,19,0,5
604,e,bench_graphs/graph_with_constraints.dot,bench_graphs/constraints_1540.dot,19,20,5
605,h,bench_graphs/graph_with_constraints.dot,bench_graphs/constraints_1540.dot,19,20,5
606,g,bench_graphs/graph_with_constraints.dot,bench_graphs/constraints_1550.dot,19,0,5
607,e,bench_graphs/graph_with_constraints.dot,bench_graphs/constraints_1550.dot,19,20,5
608,h,bench_graphs/graph_with_constraints.dot,bench_graphs/constraints_1550.dot,19,20,5
609,g,bench_graphs/graph_with_constraints.dot,bench_graphs/constraints_1560.dot,19,0,5
610,e,bench_graphs/graph_with_constraints.dot,bench_graphs/constraints_1560.dot,19,20,5
611,h,bench_graphs/graph_with_constraints.dot,bench_graphs/constraints_1560.dot,19,20,5
612,g,bench_graphs/graph_with_constraints.dot,bench_graphs/constraints_1570.dot,19,0,5
613,e,bench_graphs/graph_with_constraints.dot,bench_graphs/constraints_1570.dot,19,20,5
614,h,bench_graphs/graph_with_constraints.dot,bench_graphs/constraints_1570.dot,19,20,5
615,g,bench_graphs/graph_with_constraints.dot,bench_graphs/constraints_1580.dot,19,0,5
616,e,bench_graphs/graph_with_constraints.dot,bench_graphs/constraints_1580.dot,19,20,5
617,h,bench_graphs/graph_with_constraints.dot,bench_graphs/constraints_1580.dot,19,20,5
618,g,bench_graphs/graph_with_constraints.dot,bench_graphs/constraints_1590.dot,19,0,5
619,e,bench_graphs/graph_with_constraints.dot,bench_graphs/constraints_1590.dot,19,20,5
620,h,bench_graphs/graph_with_constraints.dot,bench_graphs/constraints_1590.dot,19,20,5
621,g,bench_graphs/graph_with_constraints.dot,bench_graphs/constraints_1600.dot,19,0,5
622,e,bench_graphs/graph_with_constraints.dot,bench_graphs/constraints_1600.dot,19,20,5
623,h,bench_graphs/graph_with_constraints.dot,bench_graphs/constraints_1600.dot,19,20,5
624,g,bench_graphs/graph_with_constraints.dot,bench_graphs/constraints_1610.dot,19,0,5
625,e,bench_graphs/graph_with_constraints.dot,bench_graphs/constraints_1610.dot,19,20,5
626,h,bench_graphs/graph_with_constraints.dot,bench_graphs/constraints_1610.dot,19,20,5
627,g,bench_graphs/graph_with_constraints.dot,bench_graphs/constraints_1620.dot,19,0,5
628,e,bench_graphs/graph_with_constraints.dot,bench_graphs/constraints_1620.dot,19,20,5
629,h,bench_graphs/graph_with_constraints.dot,bench_graphs/constraints_1620.dot,19,20,5
630,g,bench_graphs/graph_with_constraints.dot,bench_graphs/constraints_1630.dot,19,0,5
631,e,bench_graphs/graph_with_constraints.dot,bench_graphs/constraints_1630.dot,19,20,5
632,h,bench_graphs/graph_with_constraints.dot,bench_graphs/constraints_1630.dot,19,20,5
633,g,bench_graphs/graph_with_constraints.dot,bench_graphs/constraints_1640.dot,19,0,5
634,e,bench_graphs/graph_with_constraints.dot,bench_graphs/constraints_1640.dot,19,20,5
635,h,bench_graphs/graph_with_constraints.dot,bench_graphs/constraints_1640.dot,19,20,5
636,g,bench_graphs/graph_with_constraints.dot,bench_graphs/constraints_1650.dot,19,0,5
637,e,bench_graphs/graph_with_constraints.dot,bench_graphs/constraints_1650.dot,19,20,5
638,h,bench_graphs/graph_with_constraints.dot,bench_graphs/constraints_1650.dot,19,20,5
639,g,bench_graphs/graph_with_constraints.dot,bench_graphs/constraints_1660.dot,19,0,5
640,e,bench_graphs/graph_with_constraints.dot,bench_graphs/constraints_1660.dot,19,20,5
641,h,bench_graphs/graph_with_constraints.dot,bench_graphs/constraints_1660.dot,19,20,5
642,g,bench_graphs/graph_with_constraints.dot,bench_graphs/constraints_1670.dot,19,0,5
643,e,bench_graphs/graph_with_constraints.dot,bench_graphs/constraints_1670.dot,19,20,5
644,h,bench_graphs/graph_with_constraints.dot,bench_graphs/constraints_1670.dot,19,20,5
645,g,bench_graphs/graph_with_constraints.dot,bench_graphs/constraints_1680.dot,19,0,5
646,e,bench_graphs/graph_with_constraints.dot,bench_graphs/constraints_1680.dot,19,20,5
647,h,bench_graphs/graph_with_constraints.dot,bench_graphs/constraints_1680.dot,19,20,5
648,g,bench_graphs/graph_with_constraints.dot,bench_graphs/constraints_1690.dot,19,0,5
649,e,bench_graphs/graph_with_constraints.dot,bench_graphs/constraints_1690.dot,19,20,5
650,h,bench_graphs/graph_with_constraints.dot,bench_graphs/constraints_1690.dot,19,20,5
651,g,bench_graphs/graph_with_constraints.dot,bench_graphs/constraints_1700.dot,19,0,5
652,e,bench_graphs/graph_with_constraints.dot,bench_graphs/constraints_1700.dot,19,20,5
653,h,bench_graphs/graph_with_constraints.dot,bench_graphs/constraints_1700.dot,19,20,5
654,g,bench_graphs/graph_with_constraints.dot,bench_graphs/constraints_1710.dot,19,0,5
655,e,bench_graphs/graph_with_constraints.dot,bench_graphs/constraints_1710.dot,19,20,5
656,h,bench_graphs/graph_with_constraints.dot,bench_graphs/constraints_1710.dot,19,20,5
657,g,bench_graphs/graph_with_constraints.dot,bench_graphs/constraints_1720.dot,19,0,5
658,e,bench_graphs/graph_with_constraints.dot,bench_graphs/constraints_1720.dot,19,20,5
659,h,bench_graphs/graph_with_constraints.dot,bench_graphs/constraints_1720.dot,19,20,5
660,g,bench_graphs/graph_with_constraints.dot,bench_graphs/constraints_1730.dot,19,0,5
661,e,bench_graphs/graph_with_constraints.dot,bench_graphs/constraints_1730.dot,19,20,5
662,h,bench_graphs/graph_with_constraints.dot,bench_graphs/constraints_1730.dot,19,20,5
663,g,bench_graphs/graph_with_constraints.dot,bench_graphs/constraints_1740.dot,19,0,5
664,e,bench_graphs/graph_with_constraints.dot,bench_graphs/constraints_1740.dot,19,20,5
665,h,bench_graphs/graph_with_constraints.dot,bench_graphs/constraints_1740.dot,19,20,5
666,g,bench_graphs/graph_with_constraints.dot,bench_graphs/constraints_1750.dot,19,0,5
667,e,bench_graphs/graph_with_constraints.dot,bench_graphs/constraints_1750.dot,19,20,5
668,h,bench_graphs/graph_with_constraints.dot,bench_graphs/constraints_1750.dot,19,20,5
669,g,bench_graphs/graph_with_constraints.dot,bench_graphs/constraints_1760.dot,19,0,5
670,e,bench_graphs/graph_with_constraints.dot,bench_graphs/constraints_1760.dot,19,20,5
671,h,bench_graphs/graph_with_constraints.dot,bench_graphs/constraints_1760.dot,19,20,5
672,g,bench_graphs/graph_with_constraints.dot,bench_graphs/constraints_1770.dot,19,0,5
673,e,bench_graphs/graph_with_constraints.dot,bench_graphs/constraints_1770.dot,19,20,5
674,h,bench_graphs/graph_with_constraints.dot,bench_graphs/constraints_1770.dot,19,20,5
675,g,bench_graphs/graph_with_constraints.dot,bench_graphs/constraints_1780.dot,19,0,5
676,e,bench_graphs/graph_with_constraints.dot,bench_graphs/constraints_1780.dot,19,20,5
677,h,bench_graphs/graph_with_constraints.dot,bench_graphs/constraints_1780.dot,19,20,5
678,g,bench_graphs/graph_with_constraints.dot,bench_graphs/constraints_1790.dot,19,0,5
679,e,bench_graphs/graph_with_constraints.dot,bench_graphs/constraints_1790.dot,19,20,5
680,h,bench_graphs/graph_with_constraints.dot,bench_graphs/constraints_1790.dot,19,20,5
681,g,bench_graphs/graph_with_constraints.dot,bench_graphs/constraints_1800.dot,19,0,5
682,e,bench_graphs/graph_with_constraints.dot,bench_graphs/constraints_1800.dot,19,20,5
683,h,bench_graphs/graph_with_constraints.dot,bench_graphs/constraints_1800.dot,19,20,5
684,g,bench_graphs/graph_with_constraints.dot,bench_graphs/constraints_1810.dot,19,0,5
685,e,bench_graphs/graph_with_constraints.dot,bench_graphs/constraints_1810.dot,19,20,5
686,h,bench_graphs/graph_with_constraints.dot,bench_graphs/constraints_1810.dot,19,20,5
687,g,bench_graphs/graph_with_constraints.dot,bench_graphs/constraints_1820.dot,19,0,5
688,e,bench_graphs/graph_with_constraints.dot,bench_graphs/constraints_1820.dot,19,20,5
689,h,bench_graphs/graph_with_constraints.dot,bench_graphs/constraints_1820.dot,19,20,5
690,g,bench_graphs/graph_with_constraints.dot,bench_graphs/constraints_1830.dot,19,0,5
691,e,bench_graphs/graph_with_constraints.dot,bench_graphs/constraints_1830.dot,19,20,5
692,h,bench_graphs/graph_with_constraints.dot,bench_graphs/constraints_1830.dot,19,20,5
693,g,bench_graphs/graph_with_constraints.dot,bench_graphs/constraints_1840.dot,19,0,5
694,e,bench_graphs/graph_with_constraints.dot,bench_graphs/constraints_1840.dot,19,20,5
695,h,bench_graphs/graph_with_constraints.dot,bench_graphs/constraints_1840.dot,19,20,5
696,g,bench_graphs/graph_with_constraints.dot,bench_graphs/constraints_1850.dot,19,0,5
697,e,bench_graphs/graph_with_constraints.dot,bench_graphs/constraints_1850.dot,19,20,5
698,h,bench_graphs/graph_with_constraints.dot,bench_graphs/constraints_1850.dot,19,20,5
699,g,bench_graphs/graph_with_constraints.dot,bench_graphs/constraints_1860.dot,19,0,5
700,e,bench_graphs/graph_with_constraints.dot,bench_graphs/constraints_1860.dot,19,20,5
701,h,bench_graphs/graph_with_constraints.dot,bench_graphs/constraints_1860.dot,19,20,5
702,g,bench_graphs/graph_with_constraints.dot,bench_graphs/constraints_1870.dot,19,0,5
703,e,bench_graphs/graph_with_constraints.dot,bench_graphs/constraints_1870.dot,19,20,5
704,h,bench_graphs/graph_with_constraints.dot,bench_graphs/constraints_1870.dot,19,20,5
705,g,bench_graphs/graph_with_constraints.dot,bench_graphs/constraints_1880.dot,19,0,5
706,e,bench_graphs/graph_with_constraints.dot,bench_graphs/constraints_1880.dot,19,20,5
707,h,bench_graphs/graph_with_constraints.dot,bench_graphs/constraints_1880.dot,19,20,5
708,g,bench_graphs/graph_with_constraints.dot,bench_graphs/constraints_1890.dot,19,0,5
709,e,bench_graphs/graph_with_constraints.dot,bench_graphs/constraints_1890.dot,19,20,5
710,h,bench_graphs/graph_with_constraints.dot,bench_graphs/constraints_1890.dot,19,20,5
711,g,bench_graphs/graph_with_constraints.dot,bench_graphs/constraints_1900.dot,19,0,5
712,e,bench_graphs/graph_with_constraints.dot,bench_graphs/constraints_1900.dot,19,20,5
713,h,bench_graphs/graph_with_constraints.dot,bench_graphs/constraints_1900.dot,19,20,5
714,g,bench_graphs/graph_with_constraints.dot,bench_graphs/constraints_1910.dot,19,0,5
715,e,bench_graphs/graph_with_constraints.dot,bench_graphs/constraints_1910.dot,19,20,5
716,h,bench_graphs/graph_with_constraints.dot,bench_graphs/constraints_1910.dot,19,20,5
717,g,bench_graphs/graph_with_constraints.dot,bench_graphs/constraints_1920.dot,19,0,5
718,e,bench_graphs/graph_with_constraints.dot,bench_graphs/constraints_1920.dot,19,20,5
719,h,bench_graphs/graph_with_constraints.dot,bench_graphs/constraints_1920.dot,19,20,5
720,g,bench_graphs/graph_with_constraints.dot,bench_graphs/constraints_1930.dot,19,0,5
721,e,bench_graphs/graph_with_constraints.dot,bench_graphs/constraints_1930.dot,19,20,5
722,h,bench_graphs/graph_with_constraints.dot,bench_graphs/constraints_1930.dot,19,20,5
723,g,bench_graphs/graph_with_constraints.dot,bench_graphs/constraints_1940.dot,19,0,5
724,e,bench_graphs/graph_with_constraints.dot,bench_graphs/constraints_1940.dot,19,20,5
725,h,bench_graphs/graph_with_constraints.dot,bench_graphs/constraints_1940.dot,19,20,5
726,g,bench_graphs/graph_with_constraints.dot,bench_graphs/constraints_1950.dot,19,0,5
727,e,bench_graphs/graph_with_constraints.dot,bench_graphs/constraints_1950.dot,19,20,5
728,h,bench_graphs/graph_with_constraints.dot,bench_graphs/constraints_1950.dot,19,20,5
729,g,bench_graphs/graph_with_constraints.dot,bench_graphs/constraints_1960.dot,19,0,5
730,e,bench_graphs/graph_with_constraints.dot,bench_graphs/constraints_1960.dot,19,20,5
731,h,bench_graphs/graph_with_constraints.dot,bench_graphs/constraints_1960.dot,19,20,5
732,g,bench_graphs/graph_with_constraints.dot,bench_graphs/constraints_1970.dot,19,0,5
733,e,bench_graphs/graph_with_constraints.dot,bench_graphs/constraints_1970.dot,19,20,5
734,h,bench_graphs/graph_with_constraints.dot,bench_graphs/constraints_1970.dot,19,20,5
735,g,bench_graphs/graph_with_constraints.dot,bench_graphs/constraints_1980.dot,19,0,5
736,e,bench_graphs/graph_with_constraints.dot,bench_graphs/constraints_1980.dot,19,20,5
737,h,bench_graphs/graph_with_constraints.dot,bench_graphs/constraints_1980.dot,19,20,5
738,g,bench_graphs/graph_with_constraints.dot,bench_graphs/constraints_1990.dot,19,0,5
739,e,bench_graphs/graph_with_constraints.dot,bench_graphs/constraints_1990.dot,19,20,5
740,h,bench_graphs/graph_with_constraints.dot,bench_graphs/constraints_1990.dot,19,20,5
