1116,g,bench_graphs/graph_with_forced_collisions.dot,bench_graphs/collision_10.dot,19,0,5
1117,e,bench_graphs/graph_with_forced_collisions.dot,bench_graphs/collision_10.dot,19,20,5
1118,h,bench_graphs/graph_with_forced_collisions.dot,bench_graphs/collision_10.dot,19,20,5
1119,g,bench_graphs/graph_with_forced_collisions.dot,bench_graphs/collision_20.dot,19,0,5
1120,e,bench_graphs/graph_with_forced_collisions.dot,bench_graphs/collision_20.dot,19,20,5
1121,h,bench_graphs/graph_with_forced_collisions.dot,bench_graphs/collision_20.dot,19,20,5
1122,g,bench_graphs/graph_with_forced_collisions.dot,bench_graphs/collision_30.dot,19,0,5
1123,e,bench_graphs/graph_with_forced_collisions.dot,bench_graphs/collision_30.dot,19,20,5
1124,h,bench_graphs/graph_with_forced_collisions.dot,bench_graphs/collision_30.dot,19,20,5
1125,g,bench_graphs/graph_with_forced_collisions.dot,bench_graphs/collision_40.dot,19,0,5
1126,e,bench_graphs/graph_with_forced_collisions.dot,bench_graphs/collision_40.dot,19,20,5
1127,h,bench_graphs/graph_with_forced_collisions.dot,bench_graphs/collision_40.dot,19,20,5
1128,g,bench_graphs/graph_with_forced_collisions.dot,bench_graphs/collision_50.dot,19,0,5
1129,e,bench_graphs/graph_with_forced_collisions.dot,bench_graphs/collision_50.dot,19,20,5
1130,h,bench_graphs/graph_with_forced_collisions.dot,bench_graphs/collision_50.dot,19,20,5
1131,g,bench_graphs/graph_with_forced_collisions.dot,bench_graphs/collision_60.dot,19,0,5
1132,e,bench_graphs/graph_with_forced_collisions.dot,bench_graphs/collision_60.dot,19,20,5
1133,h,bench_graphs/graph_with_forced_collisions.dot,bench_graphs/collision_60.dot,19,20,5
1134,g,bench_graphs/graph_with_forced_collisions.dot,bench_graphs/collision_70.dot,19,0,5
1135,e,bench_graphs/graph_with_forced_collisions.dot,bench_graphs/collision_70.dot,19,20,5
1136,h,bench_graphs/graph_with_forced_collisions.dot,bench_graphs/collision_70.dot,19,20,5
1137,g,bench_graphs/graph_with_forced_collisions.dot,bench_graphs/collision_80.dot,19,0,5
1138,e,bench_graphs/graph_with_forced_collisions.dot,bench_graphs/collision_80.dot,19,20,5
1139,h,bench_graphs/graph_with_forced_collisions.dot,bench_graphs/collision_80.dot,19,20,5
1140,g,bench_graphs/graph_with_forced_collisions.dot,bench_graphs/collision_90.dot,19,0,5
1141,e,bench_graphs/graph_with_forced_collisions.dot,bench_graphs/collision_90.dot,19,20,5
1142,h,bench_graphs/graph_with_forced_collisions.dot,bench_graphs/collision_90.dot,19,20,5
1143,g,bench_graphs/graph_with_forced_collisions.dot,bench_graphs/collision_100.dot,19,0,5
1144,e,bench_graphs/graph_with_forced_collisions.dot,bench_graphs/collision_100.dot,19,20,5
1145,h,bench_graphs/graph_with_forced_collisions.dot,bench_graphs/collision_100.dot,19,20,5
1146,g,bench_graphs/graph_with_forced_collisions.dot,bench_graphs/collision_110.dot,19,0,5
1147,e,bench_graphs/graph_with_forced_collisions.dot,bench_graphs/collision_110.dot,19,20,5
1148,h,bench_graphs/graph_with_forced_collisions.dot,bench_graphs/collision_110.dot,19,20,5
1149,g,bench_graphs/graph_with_forced_collisions.dot,bench_graphs/collision_120.dot,19,0,5
1150,e,bench_graphs/graph_with_forced_collisions.dot,bench_graphs/collision_120.dot,19,20,5
1151,h,bench_graphs/graph_with_forced_collisions.dot,bench_graphs/collision_120.dot,19,20,5
1152,g,bench_graphs/graph_with_forced_collisions.dot,bench_graphs/collision_130.dot,19,0,5
1153,e,bench_graphs/graph_with_forced_collisions.dot,bench_graphs/collision_130.dot,19,20,5
1154,h,bench_graphs/graph_with_forced_collisions.dot,bench_graphs/collision_130.dot,19,20,5
1155,g,bench_graphs/graph_with_forced_collisions.dot,bench_graphs/collision_140.dot,19,0,5
1156,e,bench_graphs/graph_with_forced_collisions.dot,bench_graphs/collision_140.dot,19,20,5
1157,h,bench_graphs/graph_with_forced_collisions.dot,bench_graphs/collision_140.dot,19,20,5
1158,g,bench_graphs/graph_with_forced_collisions.dot,bench_graphs/collision_150.dot,19,0,5
1159,e,bench_graphs/graph_with_forced_collisions.dot,bench_graphs/collision_150.dot,19,20,5
1160,h,bench_graphs/graph_with_forced_collisions.dot,bench_graphs/collision_150.dot,19,20,5
1161,g,bench_graphs/graph_with_forced_collisions.dot,bench_graphs/collision_160.dot,19,0,5
1162,e,bench_graphs/graph_with_forced_collisions.dot,bench_graphs/collision_160.dot,19,20,5
1163,h,bench_graphs/graph_with_forced_collisions.dot,bench_graphs/collision_160.dot,19,20,5
1164,g,bench_graphs/graph_with_forced_collisions.dot,bench_graphs/collision_170.dot,19,0,5
1165,e,bench_graphs/graph_with_forced_collisions.dot,bench_graphs/collision_170.dot,19,20,5
1166,h,bench_graphs/graph_with_forced_collisions.dot,bench_graphs/collision_170.dot,19,20,5
1167,g,bench_graphs/graph_with_forced_collisions.dot,bench_graphs/collision_180.dot,19,0,5
1168,e,bench_graphs/graph_with_forced_collisions.dot,bench_graphs/collision_180.dot,19,20,5
1169,h,bench_graphs/graph_with_forced_collisions.dot,bench_graphs/collision_180.dot,19,20,5
1170,g,bench_graphs/graph_with_forced_collisions.dot,bench_graphs/collision_190.dot,19,0,5
1171,e,bench_graphs/graph_with_forced_collisions.dot,bench_graphs/collision_190.dot,19,20,5
1172,h,bench_graphs/graph_with_forced_collisions.dot,bench_graphs/collision_190.dot,19,20,5
1173,g,bench_graphs/graph_with_forced_collisions.dot,bench_graphs/collision_200.dot,19,0,5
1174,e,bench_graphs/graph_with_forced_collisions.dot,bench_graphs/collision_200.dot,19,20,5
1175,h,bench_graphs/graph_with_forced_collisions.dot,bench_graphs/collision_200.dot,19,20,5
1176,g,bench_graphs/graph_with_forced_collisions.dot,bench_graphs/collision_210.dot,19,0,5
1177,e,bench_graphs/graph_with_forced_collisions.dot,bench_graphs/collision_210.dot,19,20,5
1178,h,bench_graphs/graph_with_forced_collisions.dot,bench_graphs/collision_210.dot,19,20,5
1179,g,bench_graphs/graph_with_forced_collisions.dot,bench_graphs/collision_220.dot,19,0,5
1180,e,bench_graphs/graph_with_forced_collisions.dot,bench_graphs/collision_220.dot,19,20,5
1181,h,bench_graphs/graph_with_forced_collisions.dot,bench_graphs/collision_220.dot,19,20,5
1182,g,bench_graphs/graph_with_forced_collisions.dot,bench_graphs/collision_230.dot,19,0,5
1183,e,bench_graphs/graph_with_forced_collisions.dot,bench_graphs/collision_230.dot,19,20,5
1184,h,bench_graphs/graph_with_forced_collisions.dot,bench_graphs/collision_230.dot,19,20,5
1185,g,bench_graphs/graph_with_forced_collisions.dot,bench_graphs/collision_240.dot,19,0,5
1186,e,bench_graphs/graph_with_forced_collisions.dot,bench_graphs/collision_240.dot,19,20,5
1187,h,bench_graphs/graph_with_forced_collisions.dot,bench_graphs/collision_240.dot,19,20,5
1188,g,bench_graphs/graph_with_forced_collisions.dot,bench_graphs/collision_250.dot,19,0,5
1189,e,bench_graphs/graph_with_forced_collisions.dot,bench_graphs/collision_250.dot,19,20,5
1190,h,bench_graphs/graph_with_forced_collisions.dot,bench_graphs/collision_250.dot,19,20,5
1191,g,bench_graphs/graph_with_forced_collisions.dot,bench_graphs/collision_260.dot,19,0,5
1192,e,bench_graphs/graph_with_forced_collisions.dot,bench_graphs/collision_260.dot,19,20,5
1193,h,bench_graphs/graph_with_forced_collisions.dot,bench_graphs/collision_260.dot,19,20,5
1194,g,bench_graphs/graph_with_forced_collisions.dot,bench_graphs/collision_270.dot,19,0,5
1195,e,bench_graphs/graph_with_forced_collisions.dot,bench_graphs/collision_270.dot,19,20,5
1196,h,bench_graphs/graph_with_forced_collisions.dot,bench_graphs/collision_270.dot,19,20,5
1197,g,bench_graphs/graph_with_forced_collisions.dot,bench_graphs/collision_280.dot,19,0,5
1198,e,bench_graphs/graph_with_forced_collisions.dot,bench_graphs/collision_280.dot,19,20,5
1199,h,bench_graphs/graph_with_forced_collisions.dot,bench_graphs/collision_280.dot,19,20,5
1200,g,bench_graphs/graph_with_forced_collisions.dot,bench_graphs/collision_290.dot,19,0,5
1201,e,bench_graphs/graph_with_forced_collisions.dot,bench_graphs/collision_290.dot,19,20,5
1202,h,bench_graphs/graph_with_forced_collisions.dot,bench_graphs/collision_290.dot,19,20,5
1203,g,bench_graphs/graph_with_forced_collisions.dot,bench_graphs/collision_300.dot,19,0,5
1204,e,bench_graphs/graph_with_forced_collisions.dot,bench_graphs/collision_300.dot,19,20,5
1205,h,bench_graphs/graph_with_forced_collisions.dot,bench_graphs/collision_300.dot,19,20,5
1206,g,bench_graphs/graph_with_forced_collisions.dot,bench_graphs/collision_310.dot,19,0,5
1207,e,bench_graphs/graph_with_forced_collisions.dot,bench_graphs/collision_310.dot,19,20,5
1208,h,bench_graphs/graph_with_forced_collisions.dot,bench_graphs/collision_310.dot,19,20,5
1209,g,bench_graphs/graph_with_forced_collisions.dot,bench_graphs/collision_320.dot,19,0,5
1210,e,bench_graphs/graph_with_forced_collisions.dot,bench_graphs/collision_320.dot,19,20,5
1211,h,bench_graphs/graph_with_forced_collisions.dot,bench_graphs/collision_320.dot,19,20,5
1212,g,bench_graphs/graph_with_forced_collisions.dot,bench_graphs/collision_330.dot,19,0,5
1213,e,bench_graphs/graph_with_forced_collisions.dot,bench_graphs/collision_330.dot,19,20,5
1214,h,bench_graphs/graph_with_forced_collisions.dot,bench_graphs/collision_330.dot,19,20,5
1215,g,bench_graphs/graph_with_forced_collisions.dot,bench_graphs/collision_340.dot,19,0,5
1216,e,bench_graphs/graph_with_forced_collisions.dot,bench_graphs/collision_340.dot,19,20,5
1217,h,bench_graphs/graph_with_forced_collisions.dot,bench_graphs/collision_340.dot,19,20,5
1218,g,bench_graphs/graph_with_forced_collisions.dot,bench_graphs/collision_350.dot,19,0,5
1219,e,bench_graphs/graph_with_forced_collisions.dot,bench_graphs/collision_350.dot,19,20,5
1220,h,bench_graphs/graph_with_forced_collisions.dot,bench_graphs/collision_350.dot,19,20,5
1221,g,bench_graphs/graph_with_forced_collisions.dot,bench_graphs/collision_360.dot,19,0,5
1222,e,bench_graphs/graph_with_forced_collisions.dot,bench_graphs/collision_360.dot,19,20,5
1223,h,bench_graphs/graph_with_forced_collisions.dot,bench_graphs/collision_360.dot,19,20,5
1224,g,bench_graphs/graph_with_forced_collisions.dot,bench_graphs/collision_370.dot,19,0,5
1225,e,bench_graphs/graph_with_forced_collisions.dot,bench_graphs/collision_370.dot,19,20,5
1226,h,bench_graphs/graph_with_forced_collisions.dot,bench_graphs/collision_370.dot,19,20,5
1227,g,bench_graphs/graph_with_forced_collisions.dot,bench_graphs/collision_380.dot,19,0,5
1228,e,bench_graphs/graph_with_forced_collisions.dot,bench_graphs/collision_380.dot,19,20,5
1229,h,bench_graphs/graph_with_forced_collisions.dot,bench_graphs/collision_380.dot,19,20,5
1230,g,bench_graphs/graph_with_forced_collisions.dot,bench_graphs/collision_390.dot,19,0,5
1231,e,bench_graphs/graph_with_forced_collisions.dot,bench_graphs/collision_390.dot,19,20,5
1232,h,bench_graphs/graph_with_forced_collisions.dot,bench_graphs/collision_390.dot,19,20,5
1233,g,bench_graphs/graph_with_forced_collisions.dot,bench_graphs/collision_400.dot,19,0,5
1234,e,bench_graphs/graph_with_forced_collisions.dot,bench_graphs/collision_400.dot,19,20,5
1235,h,bench_graphs/graph_with_forced_collisions.dot,bench_graphs/collision_400.dot,19,20,5
1236,g,bench_graphs/graph_with_forced_collisions.dot,bench_graphs/collision_410.dot,19,0,5
1237,e,bench_graphs/graph_with_forced_collisions.dot,bench_graphs/collision_410.dot,19,20,5
1238,h,bench_graphs/graph_with_forced_collisions.dot,bench_graphs/collision_410.dot,19,20,5
1239,g,bench_graphs/graph_with_forced_collisions.dot,bench_graphs/collision_420.dot,19,0,5
1240,e,bench_graphs/graph_with_forced_collisions.dot,bench_graphs/collision_420.dot,19,20,5
1241,h,bench_graphs/graph_with_forced_collisions.dot,bench_graphs/collision_420.dot,19,20,5
1242,g,bench_graphs/graph_with_forced_collisions.dot,bench_graphs/collision_430.dot,19,0,5
1243,e,bench_graphs/graph_with_forced_collisions.dot,bench_graphs/collision_430.dot,19,20,5
1244,h,bench_graphs/graph_with_forced_collisions.dot,bench_graphs/collision_430.dot,19,20,5
1245,g,bench_graphs/graph_with_forced_collisions.dot,bench_graphs/collision_440.dot,19,0,5
1246,e,bench_graphs/graph_with_forced_collisions.dot,bench_graphs/collision_440.dot,19,20,5
1247,h,bench_graphs/graph_with_forced_collisions.dot,bench_graphs/collision_440.dot,19,20,5
1248,g,bench_graphs/graph_with_forced_collisions.dot,bench_graphs/collision_450.dot,19,0,5
1249,e,bench_graphs/graph_with_forced_collisions.dot,bench_graphs/collision_450.dot,19,20,5
1250,h,bench_graphs/graph_with_forced_collisions.dot,bench_graphs/collision_450.dot,19,20,5
1251,g,bench_graphs/graph_with_forced_collisions.dot,bench_graphs/collision_460.dot,19,0,5
1252,e,bench_graphs/graph_with_forced_collisions.dot,bench_graphs/collision_460.dot,19,20,5
1253,h,bench_graphs/graph_with_forced_collisions.dot,bench_graphs/collision_460.dot,19,20,5
1254,g,bench_graphs/graph_with_forced_collisions.dot,bench_graphs/collision_470.dot,19,0,5
1255,e,bench_graphs/graph_with_forced_collisions.dot,bench_graphs/collision_470.dot,19,20,5
1256,h,bench_graphs/graph_with_forced_collisions.dot,bench_graphs/collision_470.dot,19,20,5
1257,g,bench_graphs/graph_with_forced_collisions.dot,bench_graphs/collision_480.dot,19,0,5
1258,e,bench_graphs/graph_with_forced_collisions.dot,bench_graphs/collision_480.dot,19,20,5
1259,h,bench_graphs/graph_with_forced_collisions.dot,bench_graphs/collision_480.dot,19,20,5
1260,g,bench_graphs/graph_with_forced_collisions.dot,bench_graphs/collision_490.dot,19,0,5
1261,e,bench_graphs/graph_with_forced_collisions.dot,bench_graphs/collision_490.dot,19,20,5
1262,h,bench_graphs/graph_with_forced_collisions.dot,bench_graphs/collision_490.dot,19,20,5
1263,g,bench_graphs/graph_with_forced_collisions.dot,bench_graphs/collision_500.dot,19,0,5
1264,e,bench_graphs/graph_with_forced_collisions.dot,bench_graphs/collision_500.dot,19,20,5
1265,h,bench_graphs/graph_with_forced_collisions.dot,bench_graphs/collision_500.dot,19,20,5
1266,g,bench_graphs/graph_with_forced_collisions.dot,bench_graphs/collision_510.dot,19,0,5
1267,e,bench_graphs/graph_with_forced_collisions.dot,bench_graphs/collision_510.dot,19,20,5
1268,h,bench_graphs/graph_with_forced_collisions.dot,bench_graphs/collision_510.dot,19,20,5
1269,g,bench_graphs/graph_with_forced_collisions.dot,bench_graphs/collision_520.dot,19,0,5
1270,e,bench_graphs/graph_with_forced_collisions.dot,bench_graphs/collision_520.dot,19,20,5
1271,h,bench_graphs/graph_with_forced_collisions.dot,bench_graphs/collision_520.dot,19,20,5
1272,g,bench_graphs/graph_with_forced_collisions.dot,bench_graphs/collision_530.dot,19,0,5
1273,e,bench_graphs/graph_with_forced_collisions.dot,bench_graphs/collision_530.dot,19,20,5
1274,h,bench_graphs/graph_with_forced_collisions.dot,bench_graphs/collision_530.dot,19,20,5
1275,g,bench_graphs/graph_with_forced_collisions.dot,bench_graphs/collision_540.dot,19,0,5
1276,e,bench_graphs/graph_with_forced_collisions.dot,bench_graphs/collision_540.dot,19,20,5
1277,h,bench_graphs/graph_with_forced_collisions.dot,bench_graphs/collision_540.dot,19,20,5
1278,g,bench_graphs/graph_with_forced_collisions.dot,bench_graphs/collision_550.dot,19,0,5
1279,e,bench_graphs/graph_with_forced_collisions.dot,bench_graphs/collision_550.dot,19,20,5
1280,h,bench_graphs/graph_with_forced_collisions.dot,bench_graphs/collision_550.dot,19,20,5
1281,g,bench_graphs/graph_with_forced_collisions.dot,bench_graphs/collision_560.dot,19,0,5
1282,e,bench_graphs/graph_with_forced_collisions.dot,bench_graphs/collision_560.dot,19,20,5
1283,h,bench_graphs/graph_with_forced_collisions.dot,bench_graphs/collision_560.dot,19,20,5
1284,g,bench_graphs/graph_with_forced_collisions.dot,bench_graphs/collision_570.dot,19,0,5
1285,e,bench_graphs/graph_with_forced_collisions.dot,bench_graphs/collision_570.dot,19,20,5
1286,h,bench_graphs/graph_with_forced_collisions.dot,bench_graphs/collision_570.dot,19,20,5
1287,g,bench_graphs/graph_with_forced_collisions.dot,bench_graphs/collision_580.dot,19,0,5
1288,e,bench_graphs/graph_with_forced_collisions.dot,bench_graphs/collision_580.dot,19,20,5
1289,h,bench_graphs/graph_with_forced_collisions.dot,bench_graphs/collision_580.dot,19,20,5
1290,g,bench_graphs/graph_with_forced_collisions.dot,bench_graphs/collision_590.dot,19,0,5
1291,e,bench_graphs/graph_with_forced_collisions.dot,bench_graphs/collision_590.dot,19,20,5
1292,h,bench_graphs/graph_with_forced_collisions.dot,bench_graphs/collision_590.dot,19,20,5
1293,g,bench_graphs/graph_with_forced_collisions.dot,bench_graphs/collision_600.dot,19,0,5
1294,e,bench_graphs/graph_with_forced_collisions.dot,bench_graphs/collision_600.dot,19,20,5
1295,h,bench_graphs/graph_with_forced_collisions.dot,bench_graphs/collision_600.dot,19,20,5
1296,g,bench_graphs/graph_with_forced_collisions.dot,bench_graphs/collision_610.dot,19,0,5
1297,e,bench_graphs/graph_with_forced_collisions.dot,bench_graphs/collision_610.dot,19,20,5
1298,h,bench_graphs/graph_with_forced_collisions.dot,bench_graphs/collision_610.dot,19,20,5
1299,g,bench_graphs/graph_with_forced_collisions.dot,bench_graphs/collision_620.dot,19,0,5
1300,e,bench_graphs/graph_with_forced_collisions.dot,bench_graphs/collision_620.dot,19,20,5
1301,h,bench_graphs/graph_with_forced_collisions.dot,bench_graphs/collision_620.dot,19,20,5
1302,g,bench_graphs/graph_with_forced_collisions.dot,bench_graphs/collision_630.dot,19,0,5
1303,e,bench_graphs/graph_with_forced_collisions.dot,bench_graphs/collision_630.dot,19,20,5
1304,h,bench_graphs/graph_with_forced_collisions.dot,bench_graphs/collision_630.dot,19,20,5
1305,g,bench_graphs/graph_with_forced_collisions.dot,bench_graphs/collision_640.dot,19,0,5
1306,e,bench_graphs/graph_with_forced_collisions.dot,bench_graphs/collision_640.dot,19,20,5
1307,h,bench_graphs/graph_with_forced_collisions.dot,bench_graphs/collision_640.dot,19,20,5
1308,g,bench_graphs/graph_with_forced_collisions.dot,bench_graphs/collision_650.dot,19,0,5
1309,e,bench_graphs/graph_with_forced_collisions.dot,bench_graphs/collision_650.dot,19,20,5
1310,h,bench_graphs/graph_with_forced_collisions.dot,bench_graphs/collision_650.dot,19,20,5
1311,g,bench_graphs/graph_with_forced_collisions.dot,bench_graphs/collision_660.dot,19,0,5
1312,e,bench_graphs/graph_with_forced_collisions.dot,bench_graphs/collision_660.dot,19,20,5
1313,h,bench_graphs/graph_with_forced_collisions.dot,bench_graphs/collision_660.dot,19,20,5
1314,g,bench_graphs/graph_with_forced_collisions.dot,bench_graphs/collision_670.dot,19,0,5
1315,e,bench_graphs/graph_with_forced_collisions.dot,bench_graphs/collision_670.dot,19,20,5
1316,h,bench_graphs/graph_with_forced_collisions.dot,bench_graphs/collision_670.dot,19,20,5
1317,g,bench_graphs/graph_with_forced_collisions.dot,bench_graphs/collision_680.dot,19,0,5
1318,e,bench_graphs/graph_with_forced_collisions.dot,bench_graphs/collision_680.dot,19,20,5
1319,h,bench_graphs/graph_with_forced_collisions.dot,bench_graphs/collision_680.dot,19,20,5
1320,g,bench_graphs/graph_with_forced_collisions.dot,bench_graphs/collision_690.dot,19,0,5
1321,e,bench_graphs/graph_with_forced_collisions.dot,bench_graphs/collision_690.dot,19,20,5
1322,h,bench_graphs/graph_with_forced_collisions.dot,bench_graphs/collision_690.dot,19,20,5
1323,g,bench_graphs/graph_with_forced_collisions.dot,bench_graphs/collision_700.dot,19,0,5
1324,e,bench_graphs/graph_with_forced_collisions.dot,bench_graphs/collision_700.dot,19,20,5
1325,h,bench_graphs/graph_with_forced_collisions.dot,bench_graphs/collision_700.dot,19,20,5
1326,g,bench_graphs/graph_with_forced_collisions.dot,bench_graphs/collision_710.dot,19,0,5
1327,e,bench_graphs/graph_with_forced_collisions.dot,bench_graphs/collision_710.dot,19,20,5
1328,h,bench_graphs/graph_with_forced_collisions.dot,bench_graphs/collision_710.dot,19,20,5
1329,g,bench_graphs/graph_with_forced_collisions.dot,bench_graphs/collision_720.dot,19,0,5
1330,e,bench_graphs/graph_with_forced_collisions.dot,bench_graphs/collision_720.dot,19,20,5
1331,h,bench_graphs/graph_with_forced_collisions.dot,bench_graphs/collision_720.dot,19,20,5
1332,g,bench_graphs/graph_with_forced_collisions.dot,bench_graphs/collision_730.dot,19,0,5
1333,e,bench_graphs/graph_with_forced_collisions.dot,bench_graphs/collision_730.dot,19,20,5
1334,h,bench_graphs/graph_with_forced_collisions.dot,bench_graphs/collision_730.dot,19,20,5
1335,g,bench_graphs/graph_with_forced_collisions.dot,bench_graphs/collision_740.dot,19,0,5
1336,e,bench_graphs/graph_with_forced_collisions.dot,bench_graphs/collision_740.dot,19,20,5
1337,h,bench_graphs/graph_with_forced_collisions.dot,bench_graphs/collision_740.dot,19,20,5
1338,g,bench_graphs/graph_with_forced_collisions.dot,bench_graphs/collision_750.dot,19,0,5
1339,e,bench_graphs/graph_with_forced_collisions.dot,bench_graphs/collision_750.dot,19,20,5
1340,h,bench_graphs/graph_with_forced_collisions.dot,bench_graphs/collision_750.dot,19,20,5
1341,g,bench_graphs/graph_with_forced_collisions.dot,bench_graphs/collision_760.dot,19,0,5
1342,e,bench_graphs/graph_with_forced_collisions.dot,bench_graphs/collision_760.dot,19,20,5
1343,h,bench_graphs/graph_with_forced_collisions.dot,bench_graphs/collision_760.dot,19,20,5
1344,g,bench_graphs/graph_with_forced_collisions.dot,bench_graphs/collision_770.dot,19,0,5
1345,e,bench_graphs/graph_with_forced_collisions.dot,bench_graphs/collision_770.dot,19,20,5
1346,h,bench_graphs/graph_with_forced_collisions.dot,bench_graphs/collision_770.dot,19,20,5
1347,g,bench_graphs/graph_with_forced_collisions.dot,bench_graphs/collision_780.dot,19,0,5
1348,e,bench_graphs/graph_with_forced_collisions.dot,bench_graphs/collision_780.dot,19,20,5
1349,h,bench_graphs/graph_with_forced_collisions.dot,bench_graphs/collision_780.dot,19,20,5
1350,g,bench_graphs/graph_with_forced_collisions.dot,bench_graphs/collision_790.dot,19,0,5
1351,e,bench_graphs/graph_with_forced_collisions.dot,bench_graphs/collision_790.dot,19,20,5
1352,h,bench_graphs/graph_with_forced_collisions.dot,bench_graphs/collision_790.dot,19,20,5
1353,g,bench_graphs/graph_with_forced_collisions.dot,bench_graphs/collision_800.dot,19,0,5
1354,e,bench_graphs/graph_with_forced_collisions.dot,bench_graphs/collision_800.dot,19,20,5
1355,h,bench_graphs/graph_with_forced_collisions.dot,bench_graphs/collision_800.dot,19,20,5
1356,g,bench_graphs/graph_with_forced_collisions.dot,bench_graphs/collision_810.dot,19,0,5
1357,e,bench_graphs/graph_with_forced_collisions.dot,bench_graphs/collision_810.dot,19,20,5
1358,h,bench_graphs/graph_with_forced_collisions.dot,bench_graphs/collision_810.dot,19,20,5
1359,g,bench_graphs/graph_with_forced_collisions.dot,bench_graphs/collision_820.dot,19,0,5
1360,e,bench_graphs/graph_with_forced_collisions.dot,bench_graphs/collision_820.dot,19,20,5
1361,h,bench_graphs/graph_with_forced_collisions.dot,bench_graphs/collision_820.dot,19,20,5
1362,g,bench_graphs/graph_with_forced_collisions.dot,bench_graphs/collision_830.dot,19,0,5
1363,e,bench_graphs/graph_with_forced_collisions.dot,bench_graphs/collision_830.dot,19,20,5
1364,h,bench_graphs/graph_with_forced_collisions.dot,bench_graphs/collision_830.dot,19,20,5
1365,g,bench_graphs/graph_with_forced_collisions.dot,bench_graphs/collision_840.dot,19,0,5
1366,e,bench_graphs/graph_with_forced_collisions.dot,bench_graphs/collision_840.dot,19,20,5
1367,h,bench_graphs/graph_with_forced_collisions.dot,bench_graphs/collision_840.dot,19,20,5
1368,g,bench_graphs/graph_with_forced_collisions.dot,bench_graphs/collision_850.dot,19,0,5
1369,e,bench_graphs/graph_with_forced_collisions.dot,bench_graphs/collision_850.dot,19,20,5
1370,h,bench_graphs/graph_with_forced_collisions.dot,bench_graphs/collision_850.dot,19,20,5
1371,g,bench_graphs/graph_with_forced_collisions.dot,bench_graphs/collision_860.dot,19,0,5
1372,e,bench_graphs/graph_with_forced_collisions.dot,bench_graphs/collision_860.dot,19,20,5
1373,h,bench_graphs/graph_with_forced_collisions.dot,bench_graphs/collision_860.dot,19,20,5
1374,g,bench_graphs/graph_with_forced_collisions.dot,bench_graphs/collision_870.dot,19,0,5
1375,e,bench_graphs/graph_with_forced_collisions.dot,bench_graphs/collision_870.dot,19,20,5
1376,h,bench_graphs/graph_with_forced_collisions.dot,bench_graphs/collision_870.dot,19,20,5
1377,g,bench_graphs/graph_with_forced_collisions.dot,bench_graphs/collision_880.dot,19,0,5
1378,e,bench_graphs/graph_with_forced_collisions.dot,bench_graphs/collision_880.dot,19,20,5
1379,h,bench_graphs/graph_with_forced_collisions.dot,bench_graphs/collision_880.dot,19,20,5
1380,g,bench_graphs/graph_with_forced_collisions.dot,bench_graphs/collision_890.dot,19,0,5
1381,e,bench_graphs/graph_with_forced_collisions.dot,bench_graphs/collision_890.dot,19,20,5
1382,h,bench_graphs/graph_with_forced_collisions.dot,bench_graphs/collision_890.dot,19,20,5
1383,g,bench_graphs/graph_with_forced_collisions.dot,bench_graphs/collision_900.dot,19,0,5
1384,e,bench_graphs/graph_with_forced_collisions.dot,bench_graphs/collision_900.dot,19,20,5
1385,h,bench_graphs/graph_with_forced_collisions.dot,bench_graphs/collision_900.dot,19,20,5
1386,g,bench_graphs/graph_with_forced_collisions.dot,bench_graphs/collision_910.dot,19,0,5
1387,e,bench_graphs/graph_with_forced_collisions.dot,bench_graphs/collision_910.dot,19,20,5
1388,h,bench_graphs/graph_with_forced_collisions.dot,bench_graphs/collision_910.dot,19,20,5
1389,g,bench_graphs/graph_with_forced_collisions.dot,bench_graphs/collision_920.dot,19,0,5
1390,e,bench_graphs/graph_with_forced_collisions.dot,bench_graphs/collision_920.dot,19,20,5
1391,h,bench_graphs/graph_with_forced_collisions.dot,bench_graphs/collision_920.dot,19,20,5
1392,g,bench_graphs/graph_with_forced_collisions.dot,bench_graphs/collision_930.dot,19,0,5
1393,e,bench_graphs/graph_with_forced_collisions.dot,bench_graphs/collision_930.dot,19,20,5
1394,h,bench_graphs/graph_with_forced_collisions.dot,bench_graphs/collision_930.dot,19,20,5
1395,g,bench_graphs/graph_with_forced_collisions.dot,bench_graphs/collision_940.dot,19,0,5
1396,e,bench_graphs/graph_with_forced_collisions.dot,bench_graphs/collision_940.dot,19,20,5
1397,h,bench_graphs/graph_with_forced_collisions.dot,bench_graphs/collision_940.dot,19,20,5
1398,g,bench_graphs/graph_with_forced_collisions.dot,bench_graphs/collision_950.dot,19,0,5
1399,e,bench_graphs/graph_with_forced_collisions.dot,bench_graphs/collision_950.dot,19,20,5
1400,h,bench_graphs/graph_with_forced_collisions.dot,bench_graphs/collision_950.dot,19,20,5
1401,g,bench_graphs/graph_with_forced_collisions.dot,bench_graphs/collision_960.dot,19,0,5
1402,e,bench_graphs/graph_with_forced_collisions.dot,bench_graphs/collision_960.dot,19,20,5
1403,h,bench_graphs/graph_with_forced_collisions.dot,bench_graphs/collision_960.dot,19,20,5
1404,g,bench_graphs/graph_with_forced_collisions.dot,bench_graphs/collision_970.dot,19,0,5
1405,e,bench_graphs/graph_with_forced_collisions.dot,bench_graphs/collision_970.dot,19,20,5
1406,h,bench_graphs/graph_with_forced_collisions.dot,bench_graphs/collision_970.dot,19,20,5
1407,g,bench_graphs/graph_with_forced_collisions.dot,bench_graphs/collision_980.dot,19,0,5
1408,e,bench_graphs/graph_with_forced_collisions.dot,bench_graphs/collision_980.dot,19,20,5
1409,h,bench_graphs/graph_with_forced_collisions.dot,bench_graphs/collision_980.dot,19,20,5
1410,g,bench_graphs/graph_with_forced_collisions.dot,bench_graphs/collision_990.dot,19,0,5
1411,e,bench_graphs/graph_with_forced_collisions.dot,bench_graphs/collision_990.dot,19,20,5
1412,h,bench_graphs/graph_with_forced_collisions.dot,bench_graphs/collision_990.dot,19,20,5
1413,g,bench_graphs/graph_with_forced_collisions.dot,bench_graphs/collision_1000.dot,19,0,5
1414,e,bench_graphs/graph_with_forced_collisions.dot,bench_graphs/collision_1000.dot,19,20,5
1415,h,bench_graphs/graph_with_forced_collisions.dot,bench_graphs/collision_1000.dot,19,20,5
1416,g,bench_graphs/graph_with_forced_collisions.dot,bench_graphs/collision_1010.dot,19,0,5
1417,e,bench_graphs/graph_with_forced_collisions.dot,bench_graphs/collision_1010.dot,19,20,5
1418,h,bench_graphs/graph_with_forced_collisions.dot,bench_graphs/collision_1010.dot,19,20,5
1419,g,bench_graphs/graph_with_forced_collisions.dot,bench_graphs/collision_1020.dot,19,0,5
1420,e,bench_graphs/graph_with_forced_collisions.dot,bench_graphs/collision_1020.dot,19,20,5
1421,h,bench_graphs/graph_with_forced_collisions.dot,bench_graphs/collision_1020.dot,19,20,5
1422,g,bench_graphs/graph_with_forced_collisions.dot,bench_graphs/collision_1030.dot,19,0,5
1423,e,bench_graphs/graph_with_forced_collisions.dot,bench_graphs/collision_1030.dot,19,20,5
1424,h,bench_graphs/graph_with_forced_collisions.dot,bench_graphs/collision_1030.dot,19,20,5
1425,g,bench_graphs/graph_with_forced_collisions.dot,bench_graphs/collision_1040.dot,19,0,5
1426,e,bench_graphs/graph_with_forced_collisions.dot,bench_graphs/collision_1040.dot,19,20,5
1427,h,bench_graphs/graph_with_forced_collisions.dot,bench_graphs/collision_1040.dot,19,20,5
1428,g,bench_graphs/graph_with_forced_collisions.dot,bench_graphs/collision_1050.dot,19,0,5
1429,e,bench_graphs/graph_with_forced_collisions.dot,bench_graphs/collision_1050.dot,19,20,5
1430,h,bench_graphs/graph_with_forced_collisions.dot,bench_graphs/collision_1050.dot,19,20,5
1431,g,bench_graphs/graph_with_forced_collisions.dot,bench_graphs/collision_1060.dot,19,0,5
1432,e,bench_graphs/graph_with_forced_collisions.dot,bench_graphs/collision_1060.dot,19,20,5
1433,h,bench_graphs/graph_with_forced_collisions.dot,bench_graphs/collision_1060.dot,19,20,5
1434,g,bench_graphs/graph_with_forced_collisions.dot,bench_graphs/collision_1070.dot,19,0,5
1435,e,bench_graphs/graph_with_forced_collisions.dot,bench_graphs/collision_1070.dot,19,20,5
1436,h,bench_graphs/graph_with_forced_collisions.dot,bench_graphs/collision_1070.dot,19,20,5
1437,g,bench_graphs/graph_with_forced_collisions.dot,bench_graphs/collision_1080.dot,19,0,5
1438,e,bench_graphs/graph_with_forced_collisions.dot,bench_graphs/collision_1080.dot,19,20,5
1439,h,bench_graphs/graph_with_forced_collisions.dot,bench_graphs/collision_1080.dot,19,20,5
1440,g,bench_graphs/graph_with_forced_collisions.dot,bench_graphs/collision_1090.dot,19,0,5
1441,e,bench_graphs/graph_with_forced_collisions.dot,bench_graphs/collision_1090.dot,19,20,5
1442,h,bench_graphs/graph_with_forced_collisions.dot,bench_graphs/collision_1090.dot,19,20,5
1443,g,bench_graphs/graph_with_forced_collisions.dot,bench_graphs/collision_1100.dot,19,0,5
1444,e,bench_graphs/graph_with_forced_collisions.dot,bench_graphs/collision_1100.dot,19,20,5
1445,h,bench_graphs/graph_with_forced_collisions.dot,bench_graphs/collision_1100.dot,19,20,5
1446,g,bench_graphs/graph_with_forced_collisions.dot,bench_graphs/collision_1110.dot,19,0,5
1447,e,bench_graphs/graph_with_forced_collisions.dot,bench_graphs/collision_1110.dot,19,20,5
1448,h,bench_graphs/graph_with_forced_collisions.dot,bench_graphs/collision_1110.dot,19,20,5
1449,g,bench_graphs/graph_with_forced_collisions.dot,bench_graphs/collision_1120.dot,19,0,5
1450,e,bench_graphs/graph_with_forced_collisions.dot,bench_graphs/collision_1120.dot,19,20,5
1451,h,bench_graphs/graph_with_forced_collisions.dot,bench_graphs/collision_1120.dot,19,20,5
1452,g,bench_graphs/graph_with_forced_collisions.dot,bench_graphs/collision_1130.dot,19,0,5
1453,e,bench_graphs/graph_with_forced_collisions.dot,bench_graphs/collision_1130.dot,19,20,5
1454,h,bench_graphs/graph_with_forced_collisions.dot,bench_graphs/collision_1130.dot,19,20,5
1455,g,bench_graphs/graph_with_forced_collisions.dot,bench_graphs/collision_1140.dot,19,0,5
1456,e,bench_graphs/graph_with_forced_collisions.dot,bench_graphs/collision_1140.dot,19,20,5
1457,h,bench_graphs/graph_with_forced_collisions.dot,bench_graphs/collision_1140.dot,19,20,5
1458,g,bench_graphs/graph_with_forced_collisions.dot,bench_graphs/collision_1150.dot,19,0,5
1459,e,bench_graphs/graph_with_forced_collisions.dot,bench_graphs/collision_1150.dot,19,20,5
1460,h,bench_graphs/graph_with_forced_collisions.dot,bench_graphs/collision_1150.dot,19,20,5
1461,g,bench_graphs/graph_with_forced_collisions.dot,bench_graphs/collision_1160.dot,19,0,5
1462,e,bench_graphs/graph_with_forced_collisions.dot,bench_graphs/collision_1160.dot,19,20,5
1463,h,bench_graphs/graph_with_forced_collisions.dot,bench_graphs/collision_1160.dot,19,20,5
1464,g,bench_graphs/graph_with_forced_collisions.dot,bench_graphs/collision_1170.dot,19,0,5
1465,e,bench_graphs/graph_with_forced_collisions.dot,bench_graphs/collision_1170.dot,19,20,5
1466,h,bench_graphs/graph_with_forced_collisions.dot,bench_graphs/collision_1170.dot,19,20,5
1467,g,bench_graphs/graph_with_forced_collisions.dot,bench_graphs/collision_1180.dot,19,0,5
1468,e,bench_graphs/graph_with_forced_collisions.dot,bench_graphs/collision_1180.dot,19,20,5
1469,h,bench_graphs/graph_with_forced_collisions.dot,bench_graphs/collision_1180.dot,19,20,5
1470,g,bench_graphs/graph_with_forced_collisions.dot,bench_graphs/collision_1190.dot,19,0,5
1471,e,bench_graphs/graph_with_forced_collisions.dot,bench_graphs/collision_1190.dot,19,20,5
1472,h,bench_graphs/graph_with_forced_collisions.dot,bench_graphs/collision_1190.dot,19,20,5
1473,g,bench_graphs/graph_with_forced_collisions.dot,bench_graphs/collision_1200.dot,19,0,5
1474,e,bench_graphs/graph_with_forced_collisions.dot,bench_graphs/collision_1200.dot,19,20,5
1475,h,bench_graphs/graph_with_forced_collisions.dot,bench_graphs/collision_1200.dot,19,20,5
1476,g,bench_graphs/graph_with_forced_collisions.dot,bench_graphs/collision_1210.dot,19,0,5
1477,e,bench_graphs/graph_with_forced_collisions.dot,bench_graphs/collision_1210.dot,19,20,5
1478,h,bench_graphs/graph_with_forced_collisions.dot,bench_graphs/collision_1210.dot,19,20,5
1479,g,bench_graphs/graph_with_forced_collisions.dot,bench_graphs/collision_1220.dot,19,0,5
1480,e,bench_graphs/graph_with_forced_collisions.dot,bench_graphs/collision_1220.dot,19,20,5
1481,h,bench_graphs/graph_with_forced_collisions.dot,bench_graphs/collision_1220.dot,19,20,5
1482,g,bench_graphs/graph_with_forced_collisions.dot,bench_graphs/collision_1230.dot,19,0,5
1483,e,bench_graphs/graph_with_forced_collisions.dot,bench_graphs/collision_1230.dot,19,20,5
1484,h,bench_graphs/graph_with_forced_collisions.dot,bench_graphs/collision_1230.dot,19,20,5
1485,g,bench_graphs/graph_with_forced_collisions.dot,bench_graphs/collision_1240.dot,19,0,5
1486,e,bench_graphs/graph_with_forced_collisions.dot,bench_graphs/collision_1240.dot,19,20,5
1487,h,bench_graphs/graph_with_forced_collisions.dot,bench_graphs/collision_1240.dot,19,20,5
1488,g,bench_graphs/graph_with_forced_collisions.dot,bench_graphs/collision_1250.dot,19,0,5
1489,e,bench_graphs/graph_with_forced_collisions.dot,bench_graphs/collision_1250.dot,19,20,5
1490,h,bench_graphs/graph_with_forced_collisions.dot,bench_graphs/collision_1250.dot,19,20,5
1491,g,bench_graphs/graph_with_forced_collisions.dot,bench_graphs/collision_1260.dot,19,0,5
1492,e,bench_graphs/graph_with_forced_collisions.dot,bench_graphs/collision_1260.dot,19,20,5
1493,h,bench_graphs/graph_with_forced_collisions.dot,bench_graphs/collision_1260.dot,19,20,5
1494,g,bench_graphs/graph_with_forced_collisions.dot,bench_graphs/collision_1270.dot,19,0,5
1495,e,bench_graphs/graph_with_forced_collisions.dot,bench_graphs/collision_1270.dot,19,20,5
1496,h,bench_graphs/graph_with_forced_collisions.dot,bench_graphs/collision_1270.dot,19,20,5
1497,g,bench_graphs/graph_with_forced_collisions.dot,bench_graphs/collision_1280.dot,19,0,5
1498,e,bench_graphs/graph_with_forced_collisions.dot,bench_graphs/collision_1280.dot,19,20,5
1499,h,bench_graphs/graph_with_forced_collisions.dot,bench_graphs/collision_1280.dot,19,20,5
1500,g,bench_graphs/graph_with_forced_collisions.dot,bench_graphs/collision_1290.dot,19,0,5
1501,e,bench_graphs/graph_with_forced_collisions.dot,bench_graphs/collision_1290.dot,19,20,5
1502,h,bench_graphs/graph_with_forced_collisions.dot,bench_graphs/collision_1290.dot,19,20,5
1503,g,bench_graphs/graph_with_forced_collisions.dot,bench_graphs/collision_1300.dot,19,0,5
1504,e,bench_graphs/graph_with_forced_collisions.dot,bench_graphs/collision_1300.dot,19,20,5
1505,h,bench_graphs/graph_with_forced_collisions.dot,bench_graphs/collision_1300.dot,19,20,5
1506,g,bench_graphs/graph_with_forced_collisions.dot,bench_graphs/collision_1310.dot,19,0,5
1507,e,bench_graphs/graph_with_forced_collisions.dot,bench_graphs/collision_1310.dot,19,20,5
1508,h,bench_graphs/graph_with_forced_collisions.dot,bench_graphs/collision_1310.dot,19,20,5
1509,g,bench_graphs/graph_with_forced_collisions.dot,bench_graphs/collision_1320.dot,19,0,5
1510,e,bench_graphs/graph_with_forced_collisions.dot,bench_graphs/collision_1320.dot,19,20,5
1511,h,bench_graphs/graph_with_forced_collisions.dot,bench_graphs/collision_1320.dot,19,20,5
1512,g,bench_graphs/graph_with_forced_collisions.dot,bench_graphs/collision_1330.dot,19,0,5
1513,e,bench_graphs/graph_with_forced_collisions.dot,bench_graphs/collision_1330.dot,19,20,5
1514,h,bench_graphs/graph_with_forced_collisions.dot,bench_graphs/collision_1330.dot,19,20,5
1515,g,bench_graphs/graph_with_forced_collisions.dot,bench_graphs/collision_1340.dot,19,0,5
1516,e,bench_graphs/graph_with_forced_collisions.dot,bench_graphs/collision_1340.dot,19,20,5
1517,h,bench_graphs/graph_with_forced_collisions.dot,bench_graphs/collision_1340.dot,19,20,5
1518,g,bench_graphs/graph_with_forced_collisions.dot,bench_graphs/collision_1350.dot,19,0,5
1519,e,bench_graphs/graph_with_forced_collisions.dot,bench_graphs/collision_1350.dot,19,20,5
1520,h,bench_graphs/graph_with_forced_collisions.dot,bench_graphs/collision_1350.dot,19,20,5
1521,g,bench_graphs/graph_with_forced_collisions.dot,bench_graphs/collision_1360.dot,19,0,5
1522,e,bench_graphs/graph_with_forced_collisions.dot,bench_graphs/collision_1360.dot,19,20,5
1523,h,bench_graphs/graph_with_forced_collisions.dot,bench_graphs/collision_1360.dot,19,20,5
1524,g,bench_graphs/graph_with_forced_collisions.dot,bench_graphs/collision_1370.dot,19,0,5
1525,e,bench_graphs/graph_with_forced_collisions.dot,bench_graphs/collision_1370.dot,19,20,5
1526,h,bench_graphs/graph_with_forced_collisions.dot,bench_graphs/collision_1370.dot,19,20,5
1527,g,bench_graphs/graph_with_forced_collisions.dot,bench_graphs/collision_1380.dot,19,0,5
1528,e,bench_graphs/graph_with_forced_collisions.dot,bench_graphs/collision_1380.dot,19,20,5
1529,h,bench_graphs/graph_with_forced_collisions.dot,bench_graphs/collision_1380.dot,19,20,5
1530,g,bench_graphs/graph_with_forced_collisions.dot,bench_graphs/collision_1390.dot,19,0,5
1531,e,bench_graphs/graph_with_forced_collisions.dot,bench_graphs/collision_1390.dot,19,20,5
1532,h,bench_graphs/graph_with_forced_collisions.dot,bench_graphs/collision_1390.dot,19,20,5
1533,g,bench_graphs/graph_with_forced_collisions.dot,bench_graphs/collision_1400.dot,19,0,5
1534,e,bench_graphs/graph_with_forced_collisions.dot,bench_graphs/collision_1400.dot,19,20,5
1535,h,bench_graphs/graph_with_forced_collisions.dot,bench_graphs/collision_1400.dot,19,20,5
1536,g,bench_graphs/graph_with_forced_collisions.dot,bench_graphs/collision_1410.dot,19,0,5
1537,e,bench_graphs/graph_with_forced_collisions.dot,bench_graphs/collision_1410.dot,19,20,5
1538,h,bench_graphs/graph_with_forced_collisions.dot,bench_graphs/collision_1410.dot,19,20,5
1539,g,bench_graphs/graph_with_forced_collisions.dot,bench_graphs/collision_1420.dot,19,0,5
1540,e,bench_graphs/graph_with_forced_collisions.dot,bench_graphs/collision_1420.dot,19,20,5
1541,h,bench_graphs/graph_with_forced_collisions.dot,bench_graphs/collision_1420.dot,19,20,5
1542,g,bench_graphs/graph_with_forced_collisions.dot,bench_graphs/collision_1430.dot,19,0,5
1543,e,bench_graphs/graph_with_forced_collisions.dot,bench_graphs/collision_1430.dot,19,20,5
1544,h,bench_graphs/graph_with_forced_collisions.dot,bench_graphs/collision_1430.dot,19,20,5
1545,g,bench_graphs/graph_with_forced_collisions.dot,bench_graphs/collision_1440.dot,19,0,5
1546,e,bench_graphs/graph_with_forced_collisions.dot,bench_graphs/collision_1440.dot,19,20,5
1547,h,bench_graphs/graph_with_forced_collisions.dot,bench_graphs/collision_1440.dot,19,20,5
1548,g,bench_graphs/graph_with_forced_collisions.dot,bench_graphs/collision_1450.dot,19,0,5
1549,e,bench_graphs/graph_with_forced_collisions.dot,bench_graphs/collision_1450.dot,19,20,5
1550,h,bench_graphs/graph_with_forced_collisions.dot,bench_graphs/collision_1450.dot,19,20,5
1551,g,bench_graphs/graph_with_forced_collisions.dot,bench_graphs/collision_1460.dot,19,0,5
1552,e,bench_graphs/graph_with_forced_collisions.dot,bench_graphs/collision_1460.dot,19,20,5
1553,h,bench_graphs/graph_with_forced_collisions.dot,bench_graphs/collision_1460.dot,19,20,5
1554,g,bench_graphs/graph_with_forced_collisions.dot,bench_graphs/collision_1470.dot,19,0,5
1555,e,bench_graphs/graph_with_forced_collisions.dot,bench_graphs/collision_1470.dot,19,20,5
1556,h,bench_graphs/graph_with_forced_collisions.dot,bench_graphs/collision_1470.dot,19,20,5
1557,g,bench_graphs/graph_with_forced_collisions.dot,bench_graphs/collision_1480.dot,19,0,5
1558,e,bench_graphs/graph_with_forced_collisions.dot,bench_graphs/collision_1480.dot,19,20,5
1559,h,bench_graphs/graph_with_forced_collisions.dot,bench_graphs/collision_1480.dot,19,20,5
1560,g,bench_graphs/graph_with_forced_collisions.dot,bench_graphs/collision_1490.dot,19,0,5
1561,e,bench_graphs/graph_with_forced_collisions.dot,bench_graphs/collision_1490.dot,19,20,5
1562,h,bench_graphs/graph_with_forced_collisions.dot,bench_graphs/collision_1490.dot,19,20,5
1563,g,bench_graphs/graph_with_forced_collisions.dot,bench_graphs/collision_1500.dot,19,0,5
1564,e,bench_graphs/graph_with_forced_collisions.dot,bench_graphs/collision_1500.dot,19,20,5
1565,h,bench_graphs/graph_with_forced_collisions.dot,bench_graphs/collision_1500.dot,19,20,5
1566,g,bench_graphs/graph_with_forced_collisions.dot,bench_graphs/collision_1510.dot,19,0,5
1567,e,bench_graphs/graph_with_forced_collisions.dot,bench_graphs/collision_1510.dot,19,20,5
1568,h,bench_graphs/graph_with_forced_collisions.dot,bench_graphs/collision_1510.dot,19,20,5
1569,g,bench_graphs/graph_with_forced_collisions.dot,bench_graphs/collision_1520.dot,19,0,5
1570,e,bench_graphs/graph_with_forced_collisions.dot,bench_graphs/collision_1520.dot,19,20,5
1571,h,bench_graphs/graph_with_forced_collisions.dot,bench_graphs/collision_1520.dot,19,20,5
1572,g,bench_graphs/graph_with_forced_collisions.dot,bench_graphs/collision_1530.dot,19,0,5
1573,e,bench_graphs/graph_with_forced_collisions.dot,bench_graphs/collision_1530.dot,19,20,5
1574,h,bench_graphs/graph_with_forced_collisions.dot,bench_graphs/collision_1530.dot,19,20,5
1575,g,bench_graphs/graph_with_forced_collisions.dot,bench_graphs/collision_1540.dot,19,0,5
1576,e,bench_graphs/graph_with_forced_collisions.dot,bench_graphs/collision_1540.dot,19,20,5
1577,h,bench_graphs/graph_with_forced_collisions.dot,bench_graphs/collision_1540.dot,19,20,5
1578,g,bench_graphs/graph_with_forced_collisions.dot,bench_graphs/collision_1550.dot,19,0,5
1579,e,bench_graphs/graph_with_forced_collisions.dot,bench_graphs/collision_1550.dot,19,20,5
1580,h,bench_graphs/graph_with_forced_collisions.dot,bench_graphs/collision_1550.dot,19,20,5
1581,g,bench_graphs/graph_with_forced_collisions.dot,bench_graphs/collision_1560.dot,19,0,5
1582,e,bench_graphs/graph_with_forced_collisions.dot,bench_graphs/collision_1560.dot,19,20,5
1583,h,bench_graphs/graph_with_forced_collisions.dot,bench_graphs/collision_1560.dot,19,20,5
1584,g,bench_graphs/graph_with_forced_collisions.dot,bench_graphs/collision_1570.dot,19,0,5
1585,e,bench_graphs/graph_with_forced_collisions.dot,bench_graphs/collision_1570.dot,19,20,5
1586,h,bench_graphs/graph_with_forced_collisions.dot,bench_graphs/collision_1570.dot,19,20,5
1587,g,bench_graphs/graph_with_forced_collisions.dot,bench_graphs/collision_1580.dot,19,0,5
1588,e,bench_graphs/graph_with_forced_collisions.dot,bench_graphs/collision_1580.dot,19,20,5
1589,h,bench_graphs/graph_with_forced_collisions.dot,bench_graphs/collision_1580.dot,19,20,5
1590,g,bench_graphs/graph_with_forced_collisions.dot,bench_graphs/collision_1590.dot,19,0,5
1591,e,bench_graphs/graph_with_forced_collisions.dot,bench_graphs/collision_1590.dot,19,20,5
1592,h,bench_graphs/graph_with_forced_collisions.dot,bench_graphs/collision_1590.dot,19,20,5
1593,g,bench_graphs/graph_with_forced_collisions.dot,bench_graphs/collision_1600.dot,19,0,5
1594,e,bench_graphs/graph_with_forced_collisions.dot,bench_graphs/collision_1600.dot,19,20,5
1595,h,bench_graphs/graph_with_forced_collisions.dot,bench_graphs/collision_1600.dot,19,20,5
1596,g,bench_graphs/graph_with_forced_collisions.dot,bench_graphs/collision_1610.dot,19,0,5
1597,e,bench_graphs/graph_with_forced_collisions.dot,bench_graphs/collision_1610.dot,19,20,5
1598,h,bench_graphs/graph_with_forced_collisions.dot,bench_graphs/collision_1610.dot,19,20,5
1599,g,bench_graphs/graph_with_forced_collisions.dot,bench_graphs/collision_1620.dot,19,0,5
1600,e,bench_graphs/graph_with_forced_collisions.dot,bench_graphs/collision_1620.dot,19,20,5
1601,h,bench_graphs/graph_with_forced_collisions.dot,bench_graphs/collision_1620.dot,19,20,5
1602,g,bench_graphs/graph_with_forced_collisions.dot,bench_graphs/collision_1630.dot,19,0,5
1603,e,bench_graphs/graph_with_forced_collisions.dot,bench_graphs/collision_1630.dot,19,20,5
1604,h,bench_graphs/graph_with_forced_collisions.dot,bench_graphs/collision_1630.dot,19,20,5
1605,g,bench_graphs/graph_with_forced_collisions.dot,bench_graphs/collision_1640.dot,19,0,5
1606,e,bench_graphs/graph_with_forced_collisions.dot,bench_graphs/collision_1640.dot,19,20,5
1607,h,bench_graphs/graph_with_forced_collisions.dot,bench_graphs/collision_1640.dot,19,20,5
1608,g,bench_graphs/graph_with_forced_collisions.dot,bench_graphs/collision_1650.dot,19,0,5
1609,e,bench_graphs/graph_with_forced_collisions.dot,bench_graphs/collision_1650.dot,19,20,5
1610,h,bench_graphs/graph_with_forced_collisions.dot,bench_graphs/collision_1650.dot,19,20,5
1611,g,bench_graphs/graph_with_forced_collisions.dot,bench_graphs/collision_1660.dot,19,0,5
1612,e,bench_graphs/graph_with_forced_collisions.dot,bench_graphs/collision_1660.dot,19,20,5
1613,h,bench_graphs/graph_with_forced_collisions.dot,bench_graphs/collision_1660.dot,19,20,5
1614,g,bench_graphs/graph_with_forced_collisions.dot,bench_graphs/collision_1670.dot,19,0,5
1615,e,bench_graphs/graph_with_forced_collisions.dot,bench_graphs/collision_1670.dot,19,20,5
1616,h,bench_graphs/graph_with_forced_collisions.dot,bench_graphs/collision_1670.dot,19,20,5
1617,g,bench_graphs/graph_with_forced_collisions.dot,bench_graphs/collision_1680.dot,19,0,5
1618,e,bench_graphs/graph_with_forced_collisions.dot,bench_graphs/collision_1680.dot,19,20,5
1619,h,bench_graphs/graph_with_forced_collisions.dot,bench_graphs/collision_1680.dot,19,20,5
1620,g,bench_graphs/graph_with_forced_collisions.dot,bench_graphs/collision_1690.dot,19,0,5
1621,e,bench_graphs/graph_with_forced_collisions.dot,bench_graphs/collision_1690.dot,19,20,5
1622,h,bench_graphs/graph_with_forced_collisions.dot,bench_graphs/collision_1690.dot,19,20,5
1623,g,bench_graphs/graph_with_forced_collisions.dot,bench_graphs/collision_1700.dot,19,0,5
1624,e,bench_graphs/graph_with_forced_collisions.dot,bench_graphs/collision_1700.dot,19,20,5
1625,h,bench_graphs/graph_with_forced_collisions.dot,bench_graphs/collision_1700.dot,19,20,5
1626,g,bench_graphs/graph_with_forced_collisions.dot,bench_graphs/collision_1710.dot,19,0,5
1627,e,bench_graphs/graph_with_forced_collisions.dot,bench_graphs/collision_1710.dot,19,20,5
1628,h,bench_graphs/graph_with_forced_collisions.dot,bench_graphs/collision_1710.dot,19,20,5
1629,g,bench_graphs/graph_with_forced_collisions.dot,bench_graphs/collision_1720.dot,19,0,5
1630,e,bench_graphs/graph_with_forced_collisions.dot,bench_graphs/collision_1720.dot,19,20,5
1631,h,bench_graphs/graph_with_forced_collisions.dot,bench_graphs/collision_1720.dot,19,20,5
1632,g,bench_graphs/graph_with_forced_collisions.dot,bench_graphs/collision_1730.dot,19,0,5
1633,e,bench_graphs/graph_with_forced_collisions.dot,bench_graphs/collision_1730.dot,19,20,5
1634,h,bench_graphs/graph_with_forced_collisions.dot,bench_graphs/collision_1730.dot,19,20,5
1635,g,bench_graphs/graph_with_forced_collisions.dot,bench_graphs/collision_1740.dot,19,0,5
1636,e,bench_graphs/graph_with_forced_collisions.dot,bench_graphs/collision_1740.dot,19,20,5
1637,h,bench_graphs/graph_with_forced_collisions.dot,bench_graphs/collision_1740.dot,19,20,5
1638,g,bench_graphs/graph_with_forced_collisions.dot,bench_graphs/collision_1750.dot,19,0,5
1639,e,bench_graphs/graph_with_forced_collisions.dot,bench_graphs/collision_1750.dot,19,20,5
1640,h,bench_graphs/graph_with_forced_collisions.dot,bench_graphs/collision_1750.dot,19,20,5
1641,g,bench_graphs/graph_with_forced_collisions.dot,bench_graphs/collision_1760.dot,19,0,5
1642,e,bench_graphs/graph_with_forced_collisions.dot,bench_graphs/collision_1760.dot,19,20,5
1643,h,bench_graphs/graph_with_forced_collisions.dot,bench_graphs/collision_1760.dot,19,20,5
1644,g,bench_graphs/graph_with_forced_collisions.dot,bench_graphs/collision_1770.dot,19,0,5
1645,e,bench_graphs/graph_with_forced_collisions.dot,bench_graphs/collision_1770.dot,19,20,5
1646,h,bench_graphs/graph_with_forced_collisions.dot,bench_graphs/collision_1770.dot,19,20,5
1647,g,bench_graphs/graph_with_forced_collisions.dot,bench_graphs/collision_1780.dot,19,0,5
1648,e,bench_graphs/graph_with_forced_collisions.dot,bench_graphs/collision_1780.dot,19,20,5
1649,h,bench_graphs/graph_with_forced_collisions.dot,bench_graphs/collision_1780.dot,19,20,5
1650,g,bench_graphs/graph_with_forced_collisions.dot,bench_graphs/collision_1790.dot,19,0,5
1651,e,bench_graphs/graph_with_forced_collisions.dot,bench_graphs/collision_1790.dot,19,20,5
1652,h,bench_graphs/graph_with_forced_collisions.dot,bench_graphs/collision_1790.dot,19,20,5
1653,g,bench_graphs/graph_with_forced_collisions.dot,bench_graphs/collision_1800.dot,19,0,5
1654,e,bench_graphs/graph_with_forced_collisions.dot,bench_graphs/collision_1800.dot,19,20,5
1655,h,bench_graphs/graph_with_forced_collisions.dot,bench_graphs/collision_1800.dot,19,20,5
1656,g,bench_graphs/graph_with_forced_collisions.dot,bench_graphs/collision_1810.dot,19,0,5
1657,e,bench_graphs/graph_with_forced_collisions.dot,bench_graphs/collision_1810.dot,19,20,5
1658,h,bench_graphs/graph_with_forced_collisions.dot,bench_graphs/collision_1810.dot,19,20,5
1659,g,bench_graphs/graph_with_forced_collisions.dot,bench_graphs/collision_1820.dot,19,0,5
1660,e,bench_graphs/graph_with_forced_collisions.dot,bench_graphs/collision_1820.dot,19,20,5
1661,h,bench_graphs/graph_with_forced_collisions.dot,bench_graphs/collision_1820.dot,19,20,5
1662,g,bench_graphs/graph_with_forced_collisions.dot,bench_graphs/collision_1830.dot,19,0,5
1663,e,bench_graphs/graph_with_forced_collisions.dot,bench_graphs/collision_1830.dot,19,20,5
1664,h,bench_graphs/graph_with_forced_collisions.dot,bench_graphs/collision_1830.dot,19,20,5
1665,g,bench_graphs/graph_with_forced_collisions.dot,bench_graphs/collision_1840.dot,19,0,5
1666,e,bench_graphs/graph_with_forced_collisions.dot,bench_graphs/collision_1840.dot,19,20,5
1667,h,bench_graphs/graph_with_forced_collisions.dot,bench_graphs/collision_1840.dot,19,20,5
1668,g,bench_graphs/graph_with_forced_collisions.dot,bench_graphs/collision_1850.dot,19,0,5
1669,e,bench_graphs/graph_with_forced_collisions.dot,bench_graphs/collision_1850.dot,19,20,5
1670,h,bench_graphs/graph_with_forced_collisions.dot,bench_graphs/collision_1850.dot,19,20,5
1671,g,bench_graphs/graph_with_forced_collisions.dot,bench_graphs/collision_1860.dot,19,0,5
1672,e,bench_graphs/graph_with_forced_collisions.dot,bench_graphs/collision_1860.dot,19,20,5
1673,h,bench_graphs/graph_with_forced_collisions.dot,bench_graphs/collision_1860.dot,19,20,5
1674,g,bench_graphs/graph_with_forced_collisions.dot,bench_graphs/collision_1870.dot,19,0,5
1675,e,bench_graphs/graph_with_forced_collisions.dot,bench_graphs/collision_1870.dot,19,20,5
1676,h,bench_graphs/graph_with_forced_collisions.dot,bench_graphs/collision_1870.dot,19,20,5
1677,g,bench_graphs/graph_with_forced_collisions.dot,bench_graphs/collision_1880.dot,19,0,5
1678,e,bench_graphs/graph_with_forced_collisions.dot,bench_graphs/collision_1880.dot,19,20,5
1679,h,bench_graphs/graph_with_forced_collisions.dot,bench_graphs/collision_1880.dot,19,20,5
1680,g,bench_graphs/graph_with_forced_collisions.dot,bench_graphs/collision_1890.dot,19,0,5
1681,e,bench_graphs/graph_with_forced_collisions.dot,bench_graphs/collision_1890.dot,19,20,5
1682,h,bench_graphs/graph_with_forced_collisions.dot,bench_graphs/collision_1890.dot,19,20,5
1683,g,bench_graphs/graph_with_forced_collisions.dot,bench_graphs/collision_1900.dot,19,0,5
1684,e,bench_graphs/graph_with_forced_collisions.dot,bench_graphs/collision_1900.dot,19,20,5
1685,h,bench_graphs/graph_with_forced_collisions.dot,bench_graphs/collision_1900.dot,19,20,5
1686,g,bench_graphs/graph_with_forced_collisions.dot,bench_graphs/collision_1910.dot,19,0,5
1687,e,bench_graphs/graph_with_forced_collisions.dot,bench_graphs/collision_1910.dot,19,20,5
1688,h,bench_graphs/graph_with_forced_collisions.dot,bench_graphs/collision_1910.dot,19,20,5
1689,g,bench_graphs/graph_with_forced_collisions.dot,bench_graphs/collision_1920.dot,19,0,5
1690,e,bench_graphs/graph_with_forced_collisions.dot,bench_graphs/collision_1920.dot,19,20,5
1691,h,bench_graphs/graph_with_forced_collisions.dot,bench_graphs/collision_1920.dot,19,20,5
1692,g,bench_graphs/graph_with_forced_collisions.dot,bench_graphs/collision_1930.dot,19,0,5
1693,e,bench_graphs/graph_with_forced_collisions.dot,bench_graphs/collision_1930.dot,19,20,5
1694,h,bench_graphs/graph_with_forced_collisions.dot,bench_graphs/collision_1930.dot,19,20,5
1695,g,bench_graphs/graph_with_forced_collisions.dot,bench_graphs/collision_1940.dot,19,0,5
1696,e,bench_graphs/graph_with_forced_collisions.dot,bench_graphs/collision_1940.dot,19,20,5
1697,h,bench_graphs/graph_with_forced_collisions.dot,bench_graphs/collision_1940.dot,19,20,5
1698,g,bench_graphs/graph_with_forced_collisions.dot,bench_graphs/collision_1950.dot,19,0,5
1699,e,bench_graphs/graph_with_forced_collisions.dot,bench_graphs/collision_1950.dot,19,20,5
1700,h,bench_graphs/graph_with_forced_collisions.dot,bench_graphs/collision_1950.dot,19,20,5
1701,g,bench_graphs/graph_with_forced_collisions.dot,bench_graphs/collision_1960.dot,19,0,5
1702,e,bench_graphs/graph_with_forced_collisions.dot,bench_graphs/collision_1960.dot,19,20,5
1703,h,bench_graphs/graph_with_forced_collisions.dot,bench_graphs/collision_1960.dot,19,20,5
1704,g,bench_graphs/graph_with_forced_collisions.dot,bench_graphs/collision_1970.dot,19,0,5
1705,e,bench_graphs/graph_with_forced_collisions.dot,bench_graphs/collision_1970.dot,19,20,5
1706,h,bench_graphs/graph_with_forced_collisions.dot,bench_graphs/collision_1970.dot,19,20,5
1707,g,bench_graphs/graph_with_forced_collisions.dot,bench_graphs/collision_1980.dot,19,0,5
1708,e,bench_graphs/graph_with_forced_collisions.dot,bench_graphs/collision_1980.dot,19,20,5
1709,h,bench_graphs/graph_with_forced_collisions.dot,bench_graphs/collision_1980.dot,19,20,5
1710,g,bench_graphs/graph_with_forced_collisions.dot,bench_graphs/collision_1990.dot,19,0,5
1711,e,bench_graphs/graph_with_forced_collisions.dot,bench_graphs/collision_1990.dot,19,20,5
1712,h,bench_graphs/graph_with_forced_collisions.dot,bench_graphs/collision_1990.dot,19,20,5
